{
  "uid": "naver_114",
  "article_url": "https://n.news.naver.com/mnews/article/081/0003425186?sid=104",
  "title_text": "서방세력 vs 친이란 확전… 이란, 이라크·시리아 ‘전방위 공격’",
  "body_text": "\n\n친이란 세력 드론·로켓 최소 143회미군도 후티 미사일 3기 공격 맞불UAE 대사, 美에 “휴전 역할” 요구\n\n\n\n20일(현지시간) 시리아 다마스쿠스 마제 지역에서 이스라엘의 미사일 공격 이후 무너진 건물 현장에서 구조대원들이 작업하고 있다. 이란 혁명수비대(IRGC)는 다마스쿠스 인근 마제에 대한 이스라엘의 미사일 공격으로 시리아에서 군사고문으로 복무 중인 소속 대원 5명과 시리아군 및 민간인 여러 명이 사망했다고 밝혔다. 다마스쿠스 신화통신 연합뉴스시리아, 레바논, 이라크, 예멘 등 중동 역내 곳곳에서 주말 내내 무력 공방이 이어졌다. 팔레스타인 가자지구 내로 국한됐던 이스라엘과 무장정파 하마스의 충돌이 미국을 중심으로 한 서방세력과 중동 ‘저항의 축’을 뒷받침하는 ‘친이란’ 진영으로 빠르게 번져 가고 있다.20일(현지시간) 로이터통신에 따르면 이스라엘군은 시리아 다마스쿠스의 마제흐 지역 한 주택을 미사일로 폭파시켰다. 이 공습으로 이란 혁명수비대(IRGC) 소속 장교와 대원 등 5명이 숨졌다. 이들 중 3명은 혁명수비대의 고위 지휘관으로, 당시 시리아 내 정보책임자 등과 회동 중이었던 것으로 알려졌다.미군과 연합군을 겨냥한 것으로 보이는 이번 공격에 대해 이라크 현지 무장정파 이슬라믹 레지스턴스가 배후를 자처하며 “가자지구 내 시온주의 단체의 학살에 대한 대응”이라고 주장했다.이날 이라크 서부 아인 알아사드 공군기지도 탄도미사일과 로켓 공격을 받았다. 이 공습으로 이라크 군인 한 명이 다치고 미국 측 직원 여러 명이 외상성 뇌 손상 여부를 검사받고 있다고 미군 중부사령부는 밝혔다.앞서 이란은 가셈 솔레이마니 IRGC 사령관 4주기 추도식에서 벌인 폭탄 테러에 대한 보복으로 지난 16일 이라크, 시리아, 파키스탄을 향해 미사일을 발사했다. 이틀 뒤인 18일 파키스탄은 이란 영토에 미사일과 드론으로 보복 타격했다.이스라엘·하마스 전쟁이 시작된 이래 최근까지 이라크와 시리아에서 친이란 무장세력이 미군 등을 향해 드론과 로켓을 발사한 횟수는 최소 143번이라고 CNN은 집계했다. 로이터는 이란·중동 소식통 6명의 말을 인용해 IRGC가 후티 반군에 무기를 제공하고 홍해 선박에 대한 공격을 직접 지휘하고 있다고 보도했다. 이들은 이란이 후티에 이스라엘 연계 민간 선박을 식별하는 노하우를 전수하고 선박식별데이터도 제공했다고 설명했다. 미군도 전날 예멘 후티 반군의 대함 미사일 3기를 공격하면서 맞대응했다.가자지구 상황도 잦아들지 않고 있다. 이스라엘이 강도 높은 공격을 이어 가면서 이날까지 팔레스타인인 누적 사망자 수는 2만 5105명, 부상자 수는 6만 2681명이라고 가자지구 보건부가 밝혔다.라나 누세이베흐 주유엔 아랍에미리트(UAE) 대사는 블룸버그통신 인터뷰에서 “우리는 지금 인도주의적 휴전이 필요하다”면서 미국에 “확전을 막을 수 있는 시간이 얼마 남지 않았다. 긴장 완화를 위한 핵심적인 역할을 해야 한다”고 요구했다.\n\t\t\n",
  "thumbnail": "https://mimgnews.pstatic.net/image/origin/081/2024/01/22/3425186.jpg?type=nf106_72",
  "article_date": "2024-01-22 05:04:23",
  "site_info": "naver",
  "like_count": null,
  "viewed_count": null,
  "tags": []
}