{
  "uid": "naver_1212",
  "article_url": "https://n.news.naver.com/mnews/article/030/0003174255?sid=104",
  "title_text": "'서울~LA 6시간'... 초음속 여객기 나온다 [숏폼]",
  "body_text": "\n\n\n\n\n\n기수가 뾰족하고 길게 설계된 X-59 / 나사 공식 유튜브 캡처\n\n\n\nX-59 제원 / 나사 공식 유튜브 캡처 - 폭 9m, 길이 30m, 중량 6800kg, 비행 속도 1490km서울에서 LA까지 6시간 걸리는여객기가 곧 나옵니다.그 주인공은 바로'X-59'.미 항공우주국(NASA)과록히드마틴이 공동 개발한'조용한 초음속기'입니다.사실 '소닉붐'으로 인한소음 문제 때문에초음속 항공기의상용화가 늦어졌죠.그런데 'X-59'는시속 1490km 속도로자동차 문을 닫는 수준인75dB(데시벨)의 소음만 내기에상용화가 앞당겨진 겁니다.소닉붐을 일으키는충격파를 최소화하도록기수는 뾰족하고 길게 설계했고,조종석 전방 유리창도 없앴습니다.대신 '외부 카메라'를 달아디스플레이 화면을 통해전방을 보고 조종하게 되죠.록히드마틴은 이 'X-59' 모델을승객 44명을 태울 수 있는 상용 모델로 개발한다고 합니다.#소닉붐 #X #59 #나사 #록히드마틴 #록히드 #서울 #엘에이 #미국\n\n",
  "thumbnail": "https://mimgnews.pstatic.net/image/origin/030/2024/01/17/3174255.jpg?type=nf106_72",
  "article_date": "2024-01-17 19:52:07",
  "site_info": "naver",
  "like_count": null,
  "viewed_count": null,
  "tags": []
}