{
  "uid": "naver_1069",
  "article_url": "https://n.news.naver.com/mnews/article/081/0003424543?sid=104",
  "title_text": "한국 대표 음식인데…中바이두 “비빔밥 발원지는 중국” 황당 소개",
  "body_text": "\n\n\n\n\n\n비빔밥의 발원지를 중국으로 소개한 바이두. 서경덕 교수 인스타그램 캡처지난해 12월 구글 ‘올해의 검색어’ 중 레시피(요리법) 부문에서 ‘비빔밥’이 글로벌 1위를 차지한 가운데 중국 최대 포털사이트 바이두에서 비빔밥의 발원지를 중국으로 소개하고 있는 사실이 전해졌다.서경덕 성신여대 교수는 18일 자신의 소셜미디어(SNS)를 통해 “바이두 백과사전에서 한국의 대표적인 전통 음식인 비빔밥의 발원지를 ‘중국’으로 소개하고 있어 큰 논란이 예상된다”며 “참으로 기가 찰 노릇”이라고 비판했다.이어 “몇년 전부터 김치의 기원을 중국이라고 억지 주장을 펼치더니 이젠 비빔밥까지 (본인들 것이라 주장한다)”며 “그야말로 중국의 문화공정 중심에는 ‘바이두’가 있다고 해도 과언이 아니다”고 지적했다.서 교수는 “세계인들이 좋아하는 한국의 대표 전통 음식들을 이런 식으로 왜곡한다고 중국 음식으로 변하는 게 아니라는 걸 바이두 측은 반드시 깨달아야만 할 것”이라면서 “꾸준한 항의를 통해 잘못된 정보를 바꿔 왔듯이 이번 비빔밥 발원지를 ‘한국’으로 바꿀수 있도록 최선을 다해 보겠다”고 전했다.바이두 백과사전에서 해당 표제어는‘반판(拌飯)’이다. ‘반판(拌飯)’은 주로 한국식 비빔밥을 가리킨다. 구글에서 ‘拌飯’을 검색하면 검색 결과 상위에 한국식 비빔밥과 관련된 페이지가 나타난다. 구글 역시 위키피디아의 ‘비빔밥’ 항목을 안내하고 있다.위키피디아의 ‘비빔밥’ 항목의 중국어 링크는 ‘朝鮮拌飯’(한국식 비빔밥)으로 연결된다. ‘반판(拌飯)’을 표제어로 하는 단독 항목은 없다.\n\n\n\n바이두 백과사전의 ‘반판(拌飯)’ 항목의 본문. 한국식 비빔밥(노란색 사각형)에 대한 설명이 가장 길다. 그러나 한국식 비빔밥이라고 소개한 사진(빨간 사각형)은 정체불명의 요리로 보인다.바이두 백과사전은 주로 한국식 비빔밥을 가리키는 ‘반판(拌飯)’을 표제어로 삼으면서 정작 설명과 사진은 중국식 비빔밥으로 소개하고, 그 발원지는 중국으로 교묘하게 편집한 셈이다.바이두 백과사전의 본문을 보면 중국식과 한국식, 일본식의 비빔밥을 모두 설명해놨다. 한국식 비빔밥 내용이 가장 길다. 그런데 한국식 비빔밥이라고 소개해놓은 사진은 우리가 알고 있는 ‘비빔밥’ 모습과 다르다.\n\n\n\n바이두 백과사전이 한국식 비빔밥으로 소개한 음식. 동치미나 반찬 담음새는 한식과 비슷해 보이지만 정작 비빔밥은 한식이 아니다.한편 지난해 전 세계인들이 구글에서 가장 많이 검색한 레시피는 한식 ‘비빔밥’이었다.구글은 지난달 11일 올해 전 세계인이 구글에서 가장 많이 찾은 ‘올해의 검색어’를 발표했는데 총 12개 항목 중 레시피 부문에선 비빔밥이 1위를 차지해 한식에 대한 세계적인 관심을 증명했다. 특히 비빔밥은 인도에서 검색량이 가장 많이 증가했다.비빔밥이 구글 레시피 검색량 1위에 오른 건 한국 드라마 등 K 콘텐츠의 영향으로 풀이된다. 실제 구글에 힌디어로 ‘비빔밥’을 검색하면 ‘태양의 후예에 나온 비빔밥 조리법’과 같은 게시글이 나왔다.\n\t\t\n",
  "thumbnail": "https://mimgnews.pstatic.net/image/origin/081/2024/01/18/3424543.jpg?type=nf106_72",
  "article_date": "2024-01-18 09:32:01",
  "site_info": "naver",
  "like_count": null,
  "viewed_count": null,
  "tags": []
}