{
  "uid": "naver_129",
  "article_url": "https://n.news.naver.com/mnews/article/003/0012331014?sid=104",
  "title_text": "\"하마스 땅굴에 치료제 없는 곰팡이가 인질 생명 위협\"[이-팔 전쟁]",
  "body_text": "\n\n텔레그래프 보도…인질팀 관료 \"인질 136명에 위협\"의료팀 \"땅굴 익숙한 하마스와 달리 인질에 큰 위험\"\n\n\n\n[가자시티=AP/뉴시스] 이스라엘 관료가 팔레스타인 무장 정파 하마스에 억류된 인질을 향한 새로운 위협으로 곰팡이를 지목했다. 환기가 어렵고 위생 환경이 열악한 땅굴이 곰팡이가 퍼지기 용이한 환경인 탓이다. 사진은 이스라엘 군인이 지난해 11월22일(현지시간) 팔레스타인 가자지구 가자시티의 알시파 병원 지하에서 발견된 터널을 언론에 공개하는 모습. 2024.01.22.[서울=뉴시스] 이명동 기자 = 이스라엘 관료가 팔레스타인 무장 정파 하마스에 억류된 인질을 향한 새로운 위협으로 곰팡이를 지목했다. 환기가 어렵고 위생 환경이 열악한 탓에 곰팡이가 퍼지기 쉬운 땅굴에 인질이 억류돼 있기 때문이다.20일(현지시간) 텔레그래프에 따르면 이스라엘 인질팀 관료는 \"하마스의 땅굴에 있는 치명적 곰팡이가 가자지구에 억류 중인 인질 136명에게 새로운 위협이 되고 있다\"고 주장했다. 그러면서 \"땅굴 안에 치료제가 없는 치명적인 곰팡이가 있다\"면서 \"하마스 조직원이 (곰팡이에 대응하기 위해) 면역력을 강화하고 있지만 많은 인질이 이 곰팡이로 인해 병이 나거나 병이 악화할 가능성이 높다\"고 말했다.의료팀 관계자는 석방된 인질 증언을 인용해 \"인질 중 일부가 잡히면서 심각하게 부상했고, 적절하게 치료를 받았는지 알지 못한다\"면서 \"귀환하는 사람 중 일부는 감염 탓에 장기적인 항생제 필요가 필요하다. 땅굴 안 곰팡이로 인해 여전히 생명을 위협받고 있다\"고 설명했다.\n\n\n\n[에레즈=AP/뉴시스] 이스라엘 관료가 팔레스타인 무장 정파 하마스에 억류된 인질을 향한 새로운 위협으로 곰팡이를 지목했다. 환기가 어렵고 위생 환경이 열악한 땅굴이 곰팡이가 퍼지기 용이한 환경인 탓이다. 사진은 이스라엘 군인이 지난해 12월15일(현지시간) 팔레스타인 가자지구 북부 에레즈 국경검문소 인근에서 발견한 터널을 수색하는 모습. 2024.01.22.아울러 \"열린 상처가 있으면 생명을 위협하는 감염에 노출되는 위험이 크다\"고 지적했다. 열린 상처는 피부나 점막이 찢어져 상처가 겉으로 드러나 있는 상태를 의미한다.그러면서 \"훈련받으면서 이 같은 땅굴에 익숙해진 누군가는 면역력을 키울 수 있었을 것\"이라면서도 \"인질의 생명을 위협하는 환경\"이라고 짚었다.당국은 지난달 이스라엘 방위군(IDF) 소속 병사 한 명이 교전 중 부상한 뒤 곰팡이 탓에 목숨을 잃었다고 보고했다.현재까지 이스라엘 의료진은 해당 곰팡이 감염을 치료하지 못했고, 병원균이 어떤 정확히 곰팡이인지도 파악하지 못했다.이스라엘 당국은 곰팡이 감염과 더불어 하마스가 인질을 처형할 위험이 커지고 있다고 경고했다. 정부 소식통은 \"인질 중 최대 34명이 하마스에 의해 즉결 처형됐을 수 있다\"고 전했다．\n\n",
  "thumbnail": "https://mimgnews.pstatic.net/image/origin/003/2024/01/22/12331014.jpg?type=nf106_72",
  "article_date": "2024-01-22 03:07:03",
  "site_info": "naver",
  "like_count": null,
  "viewed_count": null,
  "tags": []
}