{
  "uid": "naver_1407",
  "article_url": "https://n.news.naver.com/mnews/article/011/0004287955?sid=104",
  "title_text": "\"올해 동북아 핵전쟁 날 수 있다\"…美 갈루치 전 북핵 특사의 '경고'",
  "body_text": "\n\n갈루치 \"미국, 북한과 관계 정상화 주력해야···비핵화는 장기 목표로\"\n\n\n\n로버트 갈루치 전 미국 국무부 북핵특사. 사진=연합뉴스[서울경제] 1994년 ‘제네바 합의’의 주역이었던 로버트 갈루치 전 미국 국무부 북핵 특사가 올해 동북아에 핵전쟁이 발생할 수 있다며, 미국이 비핵화보다 북한과의 관계 정상화에 주력해야 한다고 주장했다.로버트 갈루치 조지타운대 명예교수는 최근 외교안보 전문지 '내셔널 인터레스트' 기고에서 \"2024년 동북아시아에서 핵전쟁이 일어날 수 있다는 생각을 최소한 염두에는 둬야 한다\"며 이같이 말했다.그는 핵전쟁이 발생할 수 있는 첫 시나리오로 “미국과 중국이 대만 문제를 놓고 대치하는 상황에서 북한이 중국의 독려로, 또는 독려가 없더라도 중국 지원에 나설 수 있다”면서 “북한은 동북아시아에 있는 미국의 자산과 동맹국에 핵 위협을 가할 수 있다”고 가정했다.또 남한이 북한의 지시를 따르도록 강요하고, 미국이 동맹을 돕기 위해 개입하는 것을 억제하는 수단으로 북한이 핵무기 사용을 결정하는 상황이 가능하다고 봤다.이어 북한의 핵무기 사용 결정에는 \"미국이 실제 어떤 행동을 하느냐가 가장 중요한 셈법이 아니라 북한 지도부가 예상하는 미국의 행동\"이라면서 “북한이 대륙간탄도미사일(ICBM) 개발을 통해 미국의 확장억제에 대한 신뢰를 약화할 수 있다고 생각할 수 있다”고 밝혔다.갈루치 전 특사는 특히 대북 억제력 실패와 관련 없는 다른 이유로 핵전쟁이 시작될 가능성도 고려해야 한다고 주장했다.갈루치 전 특사는 “북한군이 우발적으로 또는 상부의 허가 없이 무단으로 핵무기를 발사할 가능성을 생각해보라”며 “북한은 핵무기를 보유한 다른 국가들에 비해 이 ‘게임’을 시작한 지 얼마 되지 않았다. 북한이 핵무기를 사용할 가능성이 작다고 확신해서는 안 된다”고 지적했다.이런 지적은 주요 핵보유국에 비해 핵무기를 보유한 기간이 짧은 북한이 냉전 시대 미국과 러시아가 했듯이 핵보유국들이 서로를 억제하기 위해 핵무장을 강화하고 필요시 사용하겠다는 의사를 드러내면서도 공멸로 이어질 핵전쟁까지는 치닫지 않도록 상황을 관리하는 경험이 부족하다는 의미로 해석된다.갈루치 교수는 \"핵무기를 사용할 의사가 있다는 북한의 수사법(rhetoric)이 우리로 하여금 북한의 핵무기 사용 가능성이 작다는 확신을 갖게 해서는 안 된다\"고 경고했다.그는 경쟁적이고 심지어 적대적인 정치 환경을 고려하면 동북아시아에서 핵무기가 늘어나는 상황을 심각하게 여겨야 한다면서 \"우리가 외교를 최후의 정책 수단으로 삼을 때는 최소한 그에 따른 위험을 고려해야 한다\"고 당부했다.그러면서 \"미국은 북한과 진심으로 관계 정상화를 추구하고, 그 과정에서 비핵화를 첫걸음이 아닌 더 장기적인 목표로 둬야 한다\"고 주장했다.이어 북한과 초기 대화에서는 제재 완화, 한미 연합훈련의 성격, 북한의 인권 정책 개선 등 북한이 과거에 관심을 보였으며 관계 정상화에 필수적인 현안들을 논의할 수 있다고 제안했다.한편 갈루치 교수는 1994년 '1차 북핵 위기' 당시 미국 국무부 북핵 특사로 대북 협상을 담당했던 인물이다. 북한의 핵무기 개발 중단을 대가로 경수로와 관계 정상화를 약속한 북미 '제네바 합의'를 성사했다.\n\n",
  "thumbnail": "https://mimgnews.pstatic.net/image/origin/011/2024/01/17/4287955.jpg?type=nf106_72",
  "article_date": "2024-01-17 10:28:01",
  "site_info": "naver",
  "like_count": null,
  "viewed_count": null,
  "tags": []
}