{
  "uid": "naver_1433",
  "article_url": "https://n.news.naver.com/mnews/article/009/0005245825?sid=104",
  "title_text": "영하 30도에도 얼음 호수에 ‘첨벙’…1200일 넘도록 아침 다이빙",
  "body_text": "\n\n\n\n\n\n 미시간호에서 다이빙을 하기 직전의 댄 오코너. [사진출처=연합뉴스]최근 미국 시카고 최저 기온이 영하 30도 안팎을 오가는 가운데 미시간호에서 매일 다이빙을 하는 남성이 있어 화제다.16일 오전 7시20분(현지시간) 연일 이어지는 폭설과 한파로 꽁꽁 얼어붙은 미국 시카고의 미시간 호 주변에 수영복 차림의 두 남성이 나타났다.이들은 곧장 미시간 호수로 가서 다이빙을 즐겼다. 이날 시카고 기온은 최저 섭씨 영하 29도, 최고 영하 26도, 체감온도는 영하 33도까지 떨어졌다.미 국립기상청은 이날 시카고를 포함한 일리노이 북동부·중부 지역에 혹한 주의보를 발령하고 “지난 이틀에 비해 기온이 다소 회복됐지만 여전히 위험한 날씨”라며 야외활동 자제를 당부했다.하지만 이 같은 경고에도 ‘그레이트 레이크 점퍼’(Great Lake Jumper)를 자처하는 시카고 주민 댄 오코너(56)는 지난 2020년 6월부터 1200일 이상 매일 아침 시카고 미시간호변의 몬트로스비치에 나가 다이빙을 즐기고 있다.잡지사 광고 담당 임원이었던 오코너는 코로나19 팬데믹 기간, 스트레스 해소 목적으로 시작한 미시간호수 다이빙을 지금까지 계속하고 있다.그는 16일 유력지 시카고 트리뷴과의 인터뷰에서 “(미시간호 다이빙은) 엔돌핀이 솟고 긍정적 에너지가 넘치게 한다”며 “처음부터 이렇게 오래 할 생각이 있었던 것은 아니었는데 하다 보니 의식처럼 되어버렸다. 당분간 그만둘 계획이 없다”고 밝혔다. 이어 “날씨가 추울 땐 서두르게 된다”면서 “몸에 충격을 주는 행동이지만 우리 몸이 보호 본능을 발휘한다”고 말했다.트리뷴에 따르면 이날 오코너는 친구 글렌 리쉬케와 함께 몬트로스비치로 나가 다이빙에 적합한 위치를 찾은 후 외투와 겉옷을 벗고 다이빙에 나섰다.오코너는 매일 입수 장면을 영상에 담아 소셜미디어에 올리고 있다.오랜 음악 팬인 오코너는 입수 이벤트를 소규모 독립공연장 지원을 위한 기금 모금 이벤트로도 진행한다. 최근에는 각 날짜와 연관된 음반과 뮤지션들을 소개한 후 이들을 위한 헌정 의식으로 물속에 뛰어들고 있다.이날도 오코너는 다이빙을 하러 나오면서 미국 최초의 사이키델릭 록 밴드 중 하나인 ‘블루 치어’(Blue Cheer)의 음반을 챙겨 나왔다. 블루 치어의 데뷔 앨범 발매 56주년을 기념하기 위해서였다.\n\n",
  "thumbnail": "https://mimgnews.pstatic.net/image/origin/009/2024/01/17/5245825.jpg?type=nf106_72",
  "article_date": "2024-01-17 09:20:01",
  "site_info": "naver",
  "like_count": null,
  "viewed_count": null,
  "tags": []
}