{
  "uid": "naver_1060",
  "article_url": "https://n.news.naver.com/mnews/article/448/0000444506?sid=104",
  "title_text": "日 노토 원전 비상발전기, 여진 이후 시운전 중 정지",
  "body_text": "\n\n\n\n\n\n일본 이시카와현 시카마치에 있는 시카 원자력 발전소 /AP=연합뉴스일본 노토 반도에 있는 원자력발전소의 비상용 발전기가 지난 17일 시운전 중 자동으로 정지했다고 마이니치신문이 18일 보도했다.호쿠리쿠전력은 지난 16일 노토 반도에서 규모 4.8 여진이 발생한 것을 계기로 반도 서부 시카 원자력발전소 1호기 원자로의 비상용 디젤발전기 3대를 전날 오후 시운전했다.2대는 별다른 문제가 없었으나, 나머지 1대는 출력을 올리자 경보음을 울리며 자동으로 멈췄다.이 발전기는 규모 7.6의 강진 발생 직후인 지난 3일 시운전에서는 정상적으로 가동됐다.발전기가 자동 정지한 정확한 원인은 규명되지 않았으나, 호쿠리쿠전력 측은 \"안전상에 문제는 없다\"고 말했다.하지만 시카 원전은 강진 직후 외부에서 들어오는 전원 5개 회선 가운데 2개가 끊겼고, 변압기가 파손돼 약 2만3400리터의 기름이 누출됐다.누출된 기름 중 일부는 바다로 유입됐다.시카마치는 지난 1일 강진 당시 가장 강한 흔들림이 관측된 지역이다.마이니치는 자동정지한 비상용 발전기에 대해 \"외부 전원이 들어오지 않을 때 사용후 핵연료 냉각용 해수를 끌어올리는 펌프를 움직이기 위한 장치\"라며 \"안전에서 '최후의 보루'가 되는 설비 중 하나가 문제를 일으켰다\"고 짚었다.\n\t\t\n",
  "thumbnail": "https://mimgnews.pstatic.net/image/origin/448/2024/01/18/444506.jpg?type=nf106_72",
  "article_date": "2024-01-18 09:54:03",
  "site_info": "naver",
  "like_count": null,
  "viewed_count": null,
  "tags": []
}