{
  "uid": "naver_1311",
  "article_url": "https://n.news.naver.com/mnews/article/031/0000805461?sid=104",
  "title_text": "전복된 차 안에서 10대 구조한 영웅의 정체는…프로레슬러 '헐크 호건'",
  "body_text": "\n\n\t\t\t미국의 유명 프로레슬러 헐크 호건(70)이 플로리다에서 사고로 전복된 차량에 갇힌 10대 청소년을 구조했다는 소식이 알려졌다.\n\n\n\n미국의 유명 프로레슬러 헐크 호건(70)이 플로리다에서 사고로 전복된 차량에 갇힌 10대 청소년을 구조했다는 소식이 16일(현지시간)알려졌다. [사진=헐크 호건 X(옛 트위터)]16일(현지시간) AP통신 등에 따르면 호건은 친구와 함께 미국 플로리다에서 자동차 사고로 전복된 차량에 갇힌 10대 소녀를 구조했다.호건은 전날 자신의 엑스(옛 트위터) 계정에 \"(사고 당시) 미치겠는 부분은 뒤집힌 차에서 그녀를 빼내려면 에어백에 구멍을 뚫어야 하는데 칼이 없었다는 것\"이라며 \"다행히 가방에 넣어뒀던 볼펜이 유용하게 쓰였다. 하느님 감사합니다\"라고 당시 상황에 대해 적었다.호건의 새 아내인 요가 강사 스카이 데일리 역시 페이스북에 \"어젯밤 탬파에서 저녁을 먹고 이동하던 중 우리 앞에 차가 뒤집혀 있는 것을 봤다”면서 \"남편과 친구가 신속하게 조치를 취해 차 안에 있던 소녀를 구할 수 있었다\"고 설명했다.플로리다 탬파 경찰서는 AP에 \"해당 교통사고 피해자인 소녀는 가벼운 부상을 입었을 뿐\"이라고 밝혔다.\n\n\n\n미국의 유명 프로레슬러 헐크 호건(70)이 플로리다에서 사고로 전복된 차량에 갇힌 10대 청소년을 구조했다는 소식이 16일(현지시간)알려졌다. [사진=헐크 호건 X(옛 트위터)]한편 호건은 월드레슬링엔터테인먼트(WWE) 명예의 전당 회원이다. 현재 탬파베이 지역에서 살고 있는 그는 70세의 나이에도 전성기와 비슷한 근육질 몸을 유지하며 자신을 찍은 영상 등을 SNS에 올리며 활발히 소통하고 있다.\n\n",
  "thumbnail": "https://mimgnews.pstatic.net/image/origin/031/2024/01/17/805461.jpg?type=nf106_72",
  "article_date": "2024-01-17 15:24:03",
  "site_info": "naver",
  "like_count": null,
  "viewed_count": null,
  "tags": []
}