{
  "uid": "naver_12",
  "article_url": "https://n.news.naver.com/mnews/article/028/0002673818?sid=104",
  "title_text": "69살 주윤발, 하프마라톤 또 완주…“포레스트 검프 되겠다”",
  "body_text": "\n\n지난해보다 1분 이상 기록 단축“60살 이후로 보면 나는 9살”\n\n\n\n21일(현지시각) 홍콩 침사추이에서 열린 홍콩마라톤에서 하프 코스를 완주한 저우룬파(주윤발)가 취재진과 인터뷰하고 있다. 중국신문사(中国新闻社) 유튜브 채널 갈무리홍콩 영화 톱스타인 배우 저우룬파(주윤발)가 지난해에 이어 69살을 맞는 올해도 하프마라톤을 완주했다. 지난해 그를 둘러싼 갖은 건강 이상설과 사망설을 무색하게 할 정도로 건강한 모습을 보이고 있다.22일 중국신문망 등 현지 매체 보도를 보면, 저우룬파는 지난 21일 홍콩 침사추이에서 열린 홍콩마라톤 하프 코스에 출전해, 2시간26분8초의 기록으로 완주했다. 지난해 11월 제1회 홍콩 주하이-마카오 대교 하프마라톤에 출전해 세운 기록 2시간27분56초보다 1분 이상을 단축한 것이다. 이날 마라톤에는 7만4천여명이 참가했다.경기 뒤 그는 취재진에게 “많은 어르신이 함께 뛰는 것을 보니 기쁘다. 많은 홍콩인이 운동에 동참할 수 있도록 권하고 싶다”는 소감을 밝혔다. 1955년생인 그는 자신이 아직 젊다고 했다. 저우룬파는 “60살이 지난 2번째 ‘갑자’로 보면 나는 겨우 9살이다. 내년에는 더 열심히 노력해 기록을 2시간15분으로 단축하고 싶다”고 포부를 밝혔다.저우룬파는 톰 행크스가 주연한 영화 ‘포레스트 검프’도 언급했다. 경계선 지능을 가진 주인공 검프는 묵묵히 달리는 것을 통해 삶의 의미를 찾는 인물이다. 주윤발은 “홍콩의 ‘포레스트 검프’가 되어 전 세계를 뛰고 싶다”고 했다.\n\n\n\n21일(현지시각) 홍콩 침사추이에서 열린 홍콩마라톤에서 하프 코스를 출전한 저우룬파(주윤발). 중국신문사(中国新闻社) 유튜브 채널 갈무리그는 지난해 건강이상설에 휩싸였지만 그해 10월 부산국제영화제를 찾아 조깅하는 모습을 보이며 소문을 일축했다. 그는 60살 무렵 달리기를 시작했다고 한다. 지난해 북경일보와 인터뷰에서 그는 “60살 이전의 인생 1막의 주인공이 영화였다면 이제는 달리기가 주인공”이라며 “이 나이가 돼서 좋아하는 일을 찾았다. 몸에도 좋으니까 계속 뛴다”고 말했다.지난해 부산국제영화제에서 ‘올해의 아시아영화인상’을 수상한 저우룬파는 ‘영웅본색’, ‘첩혈쌍웅’ 등의 영화로 1980년대 홍콩 영화 인기를 이끌었고, 국내에서도 ‘큰형님’으로 불리며 사랑을 받았다.\n\n",
  "thumbnail": "https://mimgnews.pstatic.net/image/origin/028/2024/01/22/2673818.jpg?type=nf106_72",
  "article_date": "2024-01-22 11:43:10",
  "site_info": "naver",
  "like_count": null,
  "viewed_count": null,
  "tags": []
}