{
  "uid": "naver_1403",
  "article_url": "https://n.news.naver.com/mnews/article/005/0001667500?sid=104",
  "title_text": "트럼프, 헤일리에 맹공…뉴햄프셔주 경쟁 본격 돌입",
  "body_text": "\n\n\n\n\n\n도널드 트럼프 전 대통령과 니키 헤일리 전 유엔 대사가 공화당 두 번째 대선 경선 지역인 뉴햄프셔주에서 비난을 주고받으며 신경전을 벌였다. 트럼프 전 대통령은 2위를 차지한 론 디샌티스 플로리다 주지사보다 오히려 헤일리 전 대사에 대해 더 집중적인 공격을 퍼부었다. 헤일리 전 대사 측은 이번 경선이 사실상 자신과 트럼프의 양자 대결 구도라고 주장하며 지지율 반전을 노렸다.트럼프 전 대통령은 16일(현지시간) 뉴햄프셔주 앳킨슨에서 열린 유세에서 “헤일리는 민주당과 자유주의자들에 기대 경선을 치르고 있다”며 “헤일리는 민주당이 자금을 지원하고 있는데, 이는 민주당이 그를 이길 수 있다고 생각하기 때문”이라고 말했다. 그러면서 헤일리 전 대사 지지자에는 민주당원과 무소속으로 가득 차 있다고 주장했다.트럼프 전 대통령은 또 헤일리 전 대사가 본선 경쟁력이 더 앞선 것으로 나오는 여론 조사에 대해 “가짜 조사”라고 일축하고 “헤일리가 (경선에서) 이기면 조 바이든이 승리한다”고 말했다.트럼프 전 대통령은 디샌티스 주지사에 대해서는 “이곳에선 4위”라며 “그 사람에 관해 이야기하고 싶지도 않다. 시간 낭비를 하고 싶지 않기 때문”이라고 무시했다.트럼프 전 대통령은 전날 대선 후보 사퇴 후 자신을 지지 한 비벡 라마스와미를 불러 세우기도 했다. 라마스와미는 “지금은 미국을 사랑하는 우리와 미국을 미워하는 비주류 소수 간의 전쟁 상황”이라며 “우리를 승리로 이끌 총사령관이 필요하고, 그 일을 할 사람은 트럼프”라고 말했다.뉴욕타임스(NYT)는 “뉴햄프셔 프라이머리를 일주일 앞두고 트럼프의 초점이 헤일리로 완전히 옮겨갔다”며 “트럼프는 헤일리가 충분히 보수적이지 않다고 비판하며 공격을 강화했다”고 설명했다. 뉴햄프셔 프라이머리는 당원만 투표가 가능한 코커스와 달리 중도 성향 유권자인 비(非)당원도 참여할 수 있어 헤일리 전 대사 지지가 높은 곳이다.정치분석사이트 ‘파이브서티에이트’에 따르면 최근 뉴햄프셔에서 진행한 여러 여론조사에서 트럼프 전 대통령은 평균 43.5%의 지지율을 보였고, 헤일리 전 대사가 30.6%로 2위를 기록했다. 디샌티스 주지사는 5.4%에 그쳤다.\n\n\n\n헤일리 전 대사도 이날 뉴햄프셔주 북부 브레턴우즈에서 유세를 진행하며 지지층 결집에 나섰다. 그는 자신이 바이든 대통령과의 양자 대결에서 더 강하다며 대선에서 승리하려면 트럼프가 아닌 자신이 더 훌륭한 선택이라고 말했다. 또 “뉴햄프셔는 누구도 원하지 않는 트럼프와 바이든 간 재대결을 막을 수 있는 마지막 최선의 희망”이라고 강조했다.헤일리 전 대사는 뉴햄프셔주를 겨냥한 새로운 광고 캠페인에서 바이든 대통령과 트럼프 전 대통령을 “미국에서 가장 싫어하는 두 정치인”이라고 비판했다. 전날 선거캠프 연설에서도 “트럼프와 바이든은 여러분이 생각하는 것보다 더 많은 공통점을 갖고 있다”고 주장했다.아이오와 코커스에서 3위를 기록했지만, 이번 경선이 자신과 트럼프 전 대통령 간의 양자 대결 구도임을 부각해 존재감을 드러내려는 목적으로 풀이된다. 헤일리 전 대사는 이날 트럼프 전 대통령이 나오지 않는다면 자신도 참석하지 않겠다며 대선 후보 토론 불참도 선언했다.헤일리 전 대사는 “지금까지 5차례 훌륭한 토론이 있었지만, 불행히도 트럼프는 모두 피했다”며 “내가 다음에 할 토론은 트럼프 아니면 바이든일 것”이라고 설명했다. 이에 따라 공화당 대선후보 6차 토론 주관사인 ABC 방송은 18일 예정된 뉴햄프셔 공화당 경선 토론을 취소했다.크리스 수누누 뉴햄프셔 주지사도 “(경선은) 헤일리 대 트럼프의 양자 대결”이라며 “트럼프가 토론 무대에 오를 수 있을 만큼 남자답다고 판단하면 헤일리가 먼저 무대에 오를 것”이라고 말했다.한편 월스트리트저널(WSJ)은 이날 사설을 통해 “디샌티스는 공화당 대선 후보로 지명될 명확한 경로가 없다. 뉴햄프셔와 사우스캐롤라이나에서 헤일리 전 대사에 훨씬 뒤처져 있다”며 “자신이 말한 대로 트럼프 전 대통령이 11월 대선에서 승리할 수 없다고 믿는다면 경선에서 물러나 헤일리 전 대사에게 트럼프 전 대통령과 일 대 일로 맞설 기회를 줘야 한다”고 촉구했다. WSJ는 “헤일리 전 대사는 트럼프 전 대통령을 좋아하지 않거나, 다른 후보를 찾는 공화당원들에게 어필하는 전략을 추구했다”며 대선 승리에 결정적일 역할을 할 중도층이나 교외 지역 유권자에게 선전하고 있다고 설명했다.\n\t\t\n",
  "thumbnail": "https://mimgnews.pstatic.net/image/origin/005/2024/01/17/1667500.jpg?type=nf106_72",
  "article_date": "2024-01-17 10:33:04",
  "site_info": "naver",
  "like_count": null,
  "viewed_count": null,
  "tags": []
}