{
  "uid": "naver_1151",
  "article_url": "https://n.news.naver.com/mnews/article/081/0003424504?sid=104",
  "title_text": "‘미친 의사’의 도전… 장기이식 ‘새 생명의 희망’",
  "body_text": "\n\n영국 의사 로이 칸 94세로 별세‘면역 거부’ 부정해 손가락질 받아1968년에 유럽 처음으로 간 이식‘약물’ 적용해 1년 생존율 80%로1994년 6개 장기 동시 수술 성공\n\n\n\n인류에 장기이식술을 가능케 한 고 로이 칸 박사. AP 연합뉴스‘미친 외과의사’라고 불리면서도 장기 이식 수술을 연구하며 결국 전 세계 수백만명의 생명을 구하는 시술로 바꾼 영국 의사 로이 칸 박사가 지난 6일 영국 케임브리지에 있는 양로원에서 94세를 일기로 별세했다. 그의 아들 러셀 칸은 그가 심부전증으로 사망했다고 16일(현지시간) 워싱턴포스트(WP)에 밝혔다1930년 영국 런던 교외에서 자동차 정비공의 아들로 태어난 그는 자동차 엔진을 분해하고 조립하는 놀이를 하며 자랐다. 1946년 킹스칼리지 런던대의 의과대학을 다니던 시절 인간의 손상된 장기를 자동차의 부품처럼 새 장기로 교체할 수 없는지 의문을 갖기 시작한 뒤 장기이식술을 탐구했다. 1952년 의사 자격을 취득한 그는 동남아시아에서 몇 년간 군의관으로 복무했다.그는 런던 왕립 자유병원에서 신장이식 연구를 하고, 1954년 일란성 쌍둥이에게 최초로 신장이식을 성공한 미국 하버드대 피터 벤트 브리검 병원에서 펠로십 연구를 이어갔다. 그는 돼지, 개 등 동물을 대상으로 장기 이식 실험을 했던 탓에 동물단체 활동가들에게 비난을 받았고, 의학계에서는 인간의 면역거부반응조차 부정하는 ‘미친 외과의사’라는 손가락질이 쏟아졌다.1965년부터 캐임브리지 의대 교수로서 연구에 매진하던 그는 1968년 유럽 최초로 간 이식 수술에 성공했다. 한 해 전에는 미국에서 토머스 스타즐 박사가 세계 최초로 간 이식 수술을 이뤄냈다.1970년대 중반 스위스 제약회사가 신약인 시클로스포린을 개발하면서 이식 환자의 1년 이상 생존율이 기존 50％에서 80％까지 높아지고, 장기 이식 수술을 하는 전 세계 병원 수도 수십 개에서 1000개 이상으로 급증했다. 1986년 그는 동료 존 월워크와 한 번의 수술로 심장·폐·간을 동시에 이식했고, 1994년에는 위, 소장, 십이지장, 췌장, 간, 신장 등 6개 장기를 동시에 이식하는 수술을 이끌기도 했다.그는 의학계에 기여한 공로로 1986년 영국 황실에서 기사 작위를, 2012년에는 스타즐 박사와 함께 노벨상 다음으로 의학계 권위 있는 상인 래스커상을 공동수상했다. 그해 뉴욕타임스(NYT) 인터뷰에서 그는 ‘노벨상을 받고 싶지 않느냐’는 질문에 “38년 전 내가 장기 이식을 한 환자가 최근 자전거를 타고 200㎞ 거리를 산악 트레킹하고 왔다”며 “내게는 이게 보상”이라고 했다. 그의 동생 도널드 칸(88) 박사는 캐나다 의사이자 파킨슨 병 연구자로 이름 높다.\n\t\t\n",
  "thumbnail": "https://mimgnews.pstatic.net/image/origin/081/2024/01/18/3424504.jpg?type=nf106_72",
  "article_date": "2024-01-18 05:05:03",
  "site_info": "naver",
  "like_count": null,
  "viewed_count": null,
  "tags": []
}