{
  "uid": "naver_1077",
  "article_url": "https://n.news.naver.com/mnews/article/023/0003811487?sid=104",
  "title_text": "“많은 남성들처럼…” 英 찰스 3세 공식 일정까지 미룬 ‘이 질환’",
  "body_text": "\n\n\n\n\n\n영국 찰스 3세(75) 국왕. /AFP 연합뉴스\t\t\t\t\t\t\t\t\t\t영국 찰스 3세(75) 국왕이 다음 주 병원에서 전립선 비대증 치료를 받는다. 이에 따라 한동안 국왕의 공개 일정이 미뤄질 전망이다.17일(현지 시각) 영국 일간 가디언 등에 따르면, 왕실은 이날 “매년 수천명의 남성이 그러는 것처럼 국왕도 전립선 비대증 치료를 받을 예정”이라며 “현재 상태는 양호하고 짧은 요양 기간 국왕의 공개 일정은 연기될 것”이라고 밝혔다. 다만 구체적으로 언제까지 공개 일정이 미뤄질지는 밝히지 않았다. 찰스 3세는 애초 18일 스코틀랜드에서 외국 고위 인사와 각료들을 만날 예정이었으나, 치료를 이유로 취소됐다.왕실이 직접 국왕의 전립선 비대증 소식을 전하고 나선 이유에 대해 가디언은 “다른 남성들도 공중 보건 조언에 따라 검사를 받도록 장려하기 위해 자신의 진단 세부 사항을 공유하고 싶어 한 것으로 보인다”며 “50세 이상 남성 3명 중 1명은 국왕과 같은 증상을 경험한다”고 전했다.대한비뇨의학회에 따르면, 전립선 비대증은 50대에 들어서면서부터 발생률이 증가한다. 비대해진 전립선이 요도를 압박해 소변보기가 불편해지는 게 가장 큰 특징이다. 보통 전립선은 호두 정도 크기(20㏄)인데, 노화로 귤이나 야구공만큼 커지면서 요도를 압박하는 것이다. 국내 유병률은 50대 이상 50%, 60대 이상 60%, 70대 이상 70%, 80대 이상 80% 정도로 추산된다.\n\n\n\n그래픽=조선디자인랩 권혜인\t\t\t\t\t\t\t\t\t\t흔한 질환이지만, 그만큼 별거 아니라는 생각에 치료받지 않는 것으로 조사됐다. 학회가 국내 50~70대 남성을 대상으로 진행한 ‘전립선비대증 인식 설문조사’ 결과를 보면, 환자의 52%는 병·의원에 방문하지 않았다. 주된 이유는 ‘나이가 들면 자연스럽게 나타나는 증상이라 굳이 병원에 갈 필요가 없을 것 같아서’(66.9%), ‘적당히 참을만해서’(44.7%) 등이었다.이와 관련, 학회는 “전립선 비대증을 치료하지 않고 방치하면 요로감염, 방광결석은 물론 방광에 소변이 가득 차 요의가 있어도 소변을 볼 수 없는 ‘급성 요폐’ 상태에 이를 수 있다”고 했다. 이어 “종종 전립선비대증을 완치가 가능한 질환으로 생각하는데, 전립선비대증은 완치되는 질환이 아니라 만성 재발성 질환이어서 지속해서 배뇨 상태를 관리해야 한다”며 “전립선비대증을 치료하지 않아 만성화되면 방광이 망가지고, 이때는 수술한 후에도 배뇨 장애가 계속될 수 있는 만큼 너무 늦지 않게 치료를 시작해야 한다”고 권고했다.한편 영국 왕실은 이날 윌리엄 왕세자의 부인 케이트 미들턴(42) 왕세자빈의 복부 수술 소식도 전했다. 왕실은 “수술은 성공적이었고 10∼14일간 입원할 것”이라며 “현재 의학적 조언에 따르면 (3월 말) 부활절 이후까지 공식 임무에 복귀하지 않을 것 같다”고 했다. 왕세자빈이 마지막으로 참석한 대외 행사는 작년 성탄절 왕실 가족 예배다. BBC는 “왕실이 자세한 내용을 밝히지 않았지만 (왕세자빈이) 암과는 관계가 없다고 했다”며 “지난달 공식 활동을 모두 소화했고 건강이 좋지 않다는 신호는 없었다”고 했다.\n\n",
  "thumbnail": "https://mimgnews.pstatic.net/image/origin/023/2024/01/18/3811487.jpg?type=nf106_72",
  "article_date": "2024-01-18 09:14:11",
  "site_info": "naver",
  "like_count": null,
  "viewed_count": null,
  "tags": []
}