{
  "uid": "naver_1169",
  "article_url": "https://n.news.naver.com/mnews/article/014/0005129711?sid=104",
  "title_text": "\"中, 코로나19 공식발표 2주전 유전자 분석 완료\"...\"전세계, 방역·백신 개발 골든타임 놓쳐\"",
  "body_text": "\n\n\t\t\t  [파이낸셜뉴스]   \n\n\n\n중국 정부가 코로나19 바이러스에 대한 유전자 분석 결과를 2주 동안 공개하지 않아 팬데믹 확산을 막을 수 있는 골든타임을 놓쳤다는 미국 정부 보고서가 17일(현지시간) 공개됐다. 2020년 4월 1일 중국 후베이성 우한의 한 공동묘지 앞을 방호복을 입은 보안요원들이 지키고 있다. 로이터뉴스1 중국이 코로나19를 공식적으로 발표하기 2주 전에 이미 이 바이러스를 확인하고 유전자 분석까지 완료한 것으로 나타났다. 전문가들은 이 2주는 매우 중요한 기간으로 중국이 일찍 관련 내용을 공개했어도 사태 전개는 달랐을 수 있다고 비판했다.   월스트리트저널(WSJ)은 17일(이하 현지시간) 미국 의회조사관들이 중국 정부가 2주 동안 관련 사실을 은폐했다는 결론의 보고서를 내놨다고 보도했다.   보고서에 따르면 중국 과학자들은 2019년 12월 후반 코로나19 바이러스를 분리하고, 유전자 지도도 만들었다. 중국이 치명적인 코로나19 바이러스에 관해 상세한 발표를 하기 최소 2주 전에 이 바이러스에 대해 알고 있었다는 뜻이다.   보고서는 베이징의 중국 과학자들이 2019년 12월 28일 미 정부가 운영하는 데이터베이스에 코로나19 바이러스의 거의 완벽한 유전자 시퀀스(염기서열)를 등록했다고 밝혔다.   당시 중국 정부 관리들은 우한지역에서 질병이 발생했다면서 '원인을 알 수 없는' 바이러스성 폐렴이라고만 밝힌 바 있다.   중국은 유전자 지도를 미 정부 데이터베이스에 등록한지 2주가 지난 2020년 1월 11일에야 세계보건기구(WHO)와 바이러스 시퀀스를 공유했다.   이번 보고서는 코로나19 바이러스 인체 감염이 감염된 동물에게서 시작된 것인지, 아니면 중국 실험실에서 유출된 것인지에 대해 어떤 답도 내놓지 못하고 있지만 중국의 은폐로 인해 전세계가 사태 초기 팬데믹 확산을 억제할 수 있는 골든타임을 놓쳤다는 점을 시사하고 있다고 WSJ은 전했다.   유전자 정보를 확인한 직후 WHO와 바이러스 정보를 공유했다면 전세계 의료진들이 코로나19가 어떻게 확산하는지를 파악해 방역과 백신 개발 시간을 줄였을 것이라는 게 전문가들의 지적이다.   WSJ에 따르면 중국에서 코로나19 바이러스 염기서열을 분석한 과학자는 중국 의학과학원 산하 세균연구소의 런리리 박사다.   런 박사는 2019년 12월 28일 미 정부가 운영하는 데이터베이스에 코로나19 바이러스 시퀀스를 등록했다가 2020년 1월 16일, 이를 삭제한 것으로 조사됐다. 그는 이 발견을 논문으로 발표하지도 않았다.   미 보건부에 따르면 그가 등록했다가 삭제한 바이러스 시퀀스는 이후 중국 정부가 발표한 염기서열 분석정보와 사실상 동일하다.   미 정부 보고서를 검토한 시애틀 프레드허친슨 암센터의 바이러스학자 제시 블룸은 이번 사건은 중국 정부가 공개하는 정보의 정확성에 대해 얼마나 신중히 판단해야 하는지를 잘 보여주고 있다며 중국 정부 발표를 액면 그대로 믿어서는 안된다고 말했다.\n\t\t\n",
  "thumbnail": "https://mimgnews.pstatic.net/image/origin/014/2024/01/18/5129711.jpg?type=nf106_72",
  "article_date": "2024-01-18 02:44:07",
  "site_info": "naver",
  "like_count": null,
  "viewed_count": null,
  "tags": []
}