{
  "uid": "naver_1176",
  "article_url": "https://n.news.naver.com/mnews/article/053/0000040876?sid=104",
  "title_text": "더 강해져 돌아온 트럼프... 첫 경선 과반 차지의 의미",
  "body_text": "\n\n\n\n\n\n도널드 트럼프 전 미국 대통령이 공화당의 첫 대선 경선에서 1위를 확정한 1월 15일(현지시간), 아이오와주 디모인의 경선 승리 축하 파티 무대에 오르고 있다. photo 뉴시스트럼프가 더 강해져서 돌아왔다. 1월 15일(현지시간) 미국 공화당의 첫 대선 경선이 열린 아이오와 코커스(당원대회). 8년 전 도널드 트럼프 전 대통령은 이곳에서 테드 크루즈 상원의원에게 24.3% 대 27.7%로 패했던 기억을 갖고 있다. 하지만 이번은 달랐다. 51%의 득표율을 기록해 압도적으로 1위가 됐다. 아이오와 주 99개 카운티 중 98개 카운티에서 승리를 거두며 적수가 없음을 증명했다.아이오와 코커스는 전통적으로 특정 후보에게 몰표를 주지 않았다. 이전 1-2위 간 가장 큰 격차는 1988년 기록한 12.8%였다. 이번에 2위를 기록한 론 디센티스 플로리다 주지사가 기록한 득표율은 21.1%다. 30%에 가까운 격차는 아이오와에서 유례가 없던 일이다. 이번 아이오와 코커스 결과에 따라 선거인단 40명 중 20명을 트럼프 후보가 차지했고, 2위인 디샌티스 후보와 3위인 니키 헤일리 후보(19.1%)는 9명과 8명을 가져갔다.아이오와 코커스 결과 때문에 트럼프 대세론이 조기에 만들어질 거라는 전망도 나온다. 트럼프 후보는 승리 연설에서 \"자신의 뒤에서 함께 모이자\"고 촉구했는데 경쟁자들이 받을 중도 하차 압력이 높아질 거라는 전망이 나왔다. 실제로 아이오와 코커스가 끝난 뒤 4위를 차지한 비벡 라마스와미 후보는 트럼프 후보 지지를 선언하고 후보 사퇴를 선언했다.불과 두 달 전만해도 아이오와 코커스 승리를 자신했던 디센티스 후보는 \"언론이 트럼프 편을 들고 있다\"고 반발했다. 하지만 트럼프 후보 측이 아이오와에 들인 선거운동 시간이 매우 적었다는 걸 감안하면 이번 패배는 뼈 아픈 결과다. 트럼프의 대항마로 꼽히던 헤일리 후보는 아이오와에서 2위를 차지할 것으로 기대했지만 디센티스 후보조차 넘지 못했다. 최근 토론회에서 좋은 평가를 받으며 기세를 올렸지만 아이오와 내 온건한 공화당 표심을 끌어오지 못했고 트럼프와의 2인 대결 구도로 재편하려던 시도도 실패했다. 이 때문에 일찌감치 트럼프 후보와 조 바이든 대통령의 재대결 구도가 현실화될 것 같다는 관측이 나오고 있다.\"트럼프 강해질수록 바이든에게 나을 수도\"미 온라인 매채 '더메신저'는 \"바이든 캠프의 최근 여론조사에 따르면 선거운동의 표적이 되고 있는 부동층 중 75%는 트럼프 후보가 바이든의 본선 경쟁 상대로 나올 수 있다는 걸 믿지 않는 것으로 나타났다\"고 전했다.하지만 아이오와 코커스의 결과가 나오면서 그런 의구심은 점점 확신으로 바뀔 수 있다. 바이든 캠프는 이들 부동층을 향해 두 후보 중 하나를 선택하도록 강요하는 전략을 쓸 것으로 보인다. 민주당의 선거 전략가인 브래드 배넌은 \"트럼프가 강해질수록 바이든에게는 더 낫다\"고 말했다.다음 공화당 경선지는 뉴햄프셔다. 아이오와 코커스는 등록한 당원들만 참여할 수 있지만 뉴햄프셔는 당원이 아닌 유권자들도 참여할 수 있다. 중도 성향 표심이 포함될 수 있는 전장이다. 이 때문에 디센티스나 헤일리 후보가 기대하는 곳이기도 하다. 만약 이곳에서도 트럼프 후보가 압승을 거둔다면 두 후보 모두 동력을 잃을 가능성도 제기된다. ※주간조선 온라인 기사입니다.\n\n",
  "thumbnail": "https://mimgnews.pstatic.net/image/origin/053/2024/01/18/40876.jpg?type=nf106_72",
  "article_date": "2024-01-18 01:01:01",
  "site_info": "naver",
  "like_count": null,
  "viewed_count": null,
  "tags": []
}