{
  "uid": "naver_1127",
  "article_url": "https://n.news.naver.com/mnews/article/214/0001325342?sid=104",
  "title_text": "[와글와글] 혹한·폭설에도‥북극 한파 녹인 열정",
  "body_text": "\n\n\n\n\n\n\n\n\n\n\n\n\n\n\n\n[뉴스투데이]미국은 요즘 일부 지역 체감온도가 영하 수십 도까지 떨어질 정도로 북극 한파의 직격탄을 맞고 있는데요.혹한에도 아랑곳하지 않고 호수에 뛰어든 남성이 현지 누리꾼들의 눈길을 끌었습니다.수영복을 입은 남성이 차가운 호수로 거침없이 뛰어드는데요.현지시간 16일, 폭설과 한파가 몰아친 미국 시카고 미시간호입니다.이날 미국 북동부와 중부지역에는 한파특보가 발령됐고, 일부 지역은 영하 26도, 체감온도는 영하 33도까지 떨어졌는데요.잡지사 광고 담당 직원인 남성은 코로나 팬데믹 당시 쌓인 스트레스를 풀겠다며 호수 다이빙을 시작했고요.벌써 1,200여 일째 호수에 뛰어드는 자신의 모습을 SNS에 올려왔는데요.이열치열, 아니 이한치한이라고 해야 하나요. 현지 누리꾼들, \"혹한 속의 열정이 추위를 잊게 한다\"는 반응을 보였습니다.이번엔 폭설도 막지 못한 미국 사람들의 미식축구 사랑 이야기입니다.허리춤까지 쌓인 눈을 뚫고 경기장 좌석을 찾아가는 사람들.현지시간 15일, 미국 프로 구단 버펄로 빌스 홈구장 모습이고요.최대 60cm 눈 소식에 하루 밀린 경기를 보기 위해 몰려든 관중들입니다.7만 석 경기장을 뒤덮은 눈을 치우려고 구단 직원과 제설 자원봉사자들이 밤새 달려들었지만 역부족‥결국 경기 시작 전까지 미처 치우지 못한 눈을 관중들이 직접 해결하며 자리를 찾아간 건데요.관중들은 경기 중 응원전에서도 눈을 흩뿌리며 한바탕 눈 축제를 벌였다고 하네요.MBC 뉴스는 24시간 여러분의 제보를 기다립니다. ▷ 전화 02-784-4000▷ 이메일 mbcjebo@mbc.co.kr▷ 카카오톡 @mbc제보\n\n",
  "thumbnail": "https://mimgnews.pstatic.net/image/origin/214/2024/01/18/1325342.jpg?type=nf106_72",
  "article_date": "2024-01-18 06:41:13",
  "site_info": "naver",
  "like_count": null,
  "viewed_count": null,
  "tags": []
}