{
  "uid": "naver_1332",
  "article_url": "https://n.news.naver.com/mnews/article/081/0003424337?sid=104",
  "title_text": "“볼펜으로 살렸다” 70세 헐크 호건, 전복된 차에서 10대 소녀 구조",
  "body_text": "\n\n\n\n\n\n지난 2005년 4월 헐크 호건이 미국 로스엔젤레스에서 열린 레슬매니아21에 출전해 링 위에서 특유의 퍼포먼스인 셔츠 찢는 동작을 선보이고 있다. AP 연합뉴스미국의 전설적인 프로레슬러 헐크 호건(70)이 플로리다에서 자동차 전복 사고로 차량에 갇힌 청소년을 기적적으로 구조했다는 소식이 알려졌다.16일(현지시간) 미국 AP통신과 연예매체 TMZ 등에 따르면 호건은 지난 14일 플로리다 탬파의 한 고속도로에서 전복된 차량에 갇힌 10대 여성 청소년을 구조했다. 사고 차량은 17세 청소년이 운전하던 차로 앞서가던 다른 차를 추돌한 뒤 도로 한복판에서 전복됐다. 같은 시각 현장에서 사고를 목격한 호건은 곧바로 차를 멈추고 운전자를 구조했다.호건은 전날 자신의 소셜미디어(SNS) 엑스(X, 옛 트위터)에 “(당시) 미칠 수밖에 없었던 이유는 뒤집힌 차에서 그녀를 빼내려면 에어백에 구멍을 뚫어야 했는데 수중에 칼이 없었다는 것”이라며 “다행히 갖고 있던 볼펜이 유용하게 쓰였다. 하느님 감사합니다”라고 적었다.사고 현장에서 이 장면을 지켜본 호건의 새 아내 스카이 데일리는 “탬파에서 저녁을 먹고 이동하던 중 우리 앞에 차가 뒤집혀 있는 것을 봤다”며 “남편과 친구가 신속한 조처를 해 차 안에 있던 소녀를 구할 수 있었다. 겉으로 보기에 소녀는 단순히 놀란 것처럼 보였다. 완전히 기적”이라고 적었다.\n\n\n\n헐크 호건이 전복 차량에 갇힌 10대를 구했다는 현지 연예 매체 보도. TMZ 홈페이지탬파 경찰서는 AP에 보낸 이메일에서 해당 교통사고 피해자인 소녀가 가벼운 상처를 입었을 뿐이라고 밝혔다.프로 레슬링 역사상 가장 유명한 인물로 손꼽히는 호건은 1980~1990년대 미국 프로레슬링계를 풍미하며 전 세계적으로 인기를 얻은 전설적인 선수다.하지만 2012년 유명 라디오 DJ 진행자이자 가장 친한 친구의 부인인 헤더 클렘과 가진 성관계 영상이 미국 가십 매체를 통해 공개돼 파문을 일으켰다. 또 딸이자 가수인 브룩 호건이 흑인 남성과 잠자리를 가졌다는 것을 문제 삼으며 인종차별적 발언을 한 사실이 드러나 WWE에서 공식 퇴출당했다.이후 자신의 발언에 대해 사과하고 소송에서도 이기면서 2018년에는 WWE 명예의 전당에 다시 복귀했다. 그는 70세의 나이에도 전성기와 비슷한 근육질 몸매를 유지하며 수시로 운동 모습을 담은 동영상 등을 SNS에서도 활발하게 활동 중이다.\n\n\n\n헐크 호건 SNS 캡처\n\n",
  "thumbnail": "https://mimgnews.pstatic.net/image/origin/081/2024/01/17/3424337.jpg?type=nf106_72",
  "article_date": "2024-01-17 14:24:01",
  "site_info": "naver",
  "like_count": null,
  "viewed_count": null,
  "tags": []
}