{
  "uid": "naver_1122",
  "article_url": "https://n.news.naver.com/mnews/article/003/0012325329?sid=104",
  "title_text": "미 국방부 \"北 우주서 전쟁능력 갖출 준비하면 대응\"",
  "body_text": "\n\n우주담당 차관보 \"단순 위성 발사는 위협 불분명\"\n\n\n\n[서울=뉴시스] 권창회 기자 = 북한이 21일 한밤 중에 군사정찰위성 3차 발사를 강행했다. 당초 예고한 22일 0시보다 약 1시간여 빠르게 기습 발사한 것이다. 북한이 군사정찰위성을 쏜 것은 지난 8월 24일 2차 발사 이후 89일 만이다. 사진은 22일 오전 서울 용산구 서울역 대합실에서 시민들이 관련 뉴스를 시청하는 모습. 2023.11.22. kch0523@newsis.com[워싱턴=뉴시스] 이윤희 기자 = 북한이 올해 군사 정찰위성 3기를 추가로 발사하겠다고 예고한 가운데, 미국은 북한이 우주에서 전쟁 능력을 갖출 단계에 접어들 경우 심각히 대응 계획을 준비할 방침이다. 존 플럼 미 국방부 우주정책 담당 차관보는 17일(현지시간) 우주정책 브리핑에서 관련 질문에 \"북한이 우주에서 위협이 되는지와 관련해서는 그들이 전쟁 능력을 갖추도록하는 뭔가가 있다면, 그것은 우리가 심각하게 받아들이고 추적하며 대응계획을 세워야 한다\"고 답했다.당장 대응계획을 언급하지 않은 만큼 아직까지는 북한의 위성 등 우주역량이 위협 수준을 아니라고 판단하는 모습이다.플럼 차관보는 북한이 탄도미사일 프로그램을 지속하고, 유엔 안전보장이사회(안보리) 결의안을 위반하고 있어 많은 문제점이 있지만, 다른 많은 국가들처럼 단순히 위성을 발사한 것이 위협이 되는지는 불분명하다고 언급했다. 그는 또 위성이 상업위성에서 볼 수 없는 능력을 갖췄다고 해서 위협이라고 규정하기도 불분명하다고 부연했다.북한은 지난해 11월21일 군사정찰위성 3차 발사에 나섰고, 처음으로 궤도 진입에 성공했다. 이후 백악관과 미 국방부 청사 등을 촬영했다며 위성 능력을 홍보했다.김정은 북한 국무위원장은 지난달 30일 노동당 전원회의에서 새해에는 3개의 정찰위성을 추가로 발사하겠다고 예고하기도 했다. 미 국방부는 북한의 첫 위성발사 성공 당시 실제로 궤도에 진입했으며 탄도미사일 기술과 관련이 있다는 것도 알고 있다\"면서도 \"온라인에도 백악관과 펜타곤 이미지가 많다\"고 큰 의미를 두지 않았다．\n\n",
  "thumbnail": "https://mimgnews.pstatic.net/image/origin/003/2024/01/18/12325329.jpg?type=nf106_72",
  "article_date": "2024-01-18 06:52:05",
  "site_info": "naver",
  "like_count": null,
  "viewed_count": null,
  "tags": []
}