{
  "uid": "naver_1092",
  "article_url": "https://n.news.naver.com/mnews/article/032/0003274050?sid=104",
  "title_text": "후티 반군, ‘테러단체 재지정’ 하자마자 미 선박 공격",
  "body_text": "\n\n아덴만서 자폭 드론 이용…인명 피해 없어“팔레스타인인 돕기 위해 공격 계속할 것”\n\n\n\n예멘 남쪽 아덴항과 아덴만 해상예멘의 친이란 후티 반군이 미국으로부터 3년만에 다시 테러단체로 지정된 직후에 홍해상에서 미국 화물선을 공격했다.17일(현지시간) AP·AFP통신 등에 따르면 후티 반군 군사분야 대변인인 야흐야 사레아 준장은 이날 사전 녹화한 영상 연설을 통해 아덴만에서 미국 선박 ‘젠코 피카르디’를 공격했다고 밝혔다.앞서 영국 해군 해사무역기구(UKMTO)는 젠코 피카르디가 예멘 인근 해상에서 자폭 드론(무인기)의 공격을 받아 화재가 발생했다고 전했다.AP통신에 따르면 젠코 피카르디는 마셜제도 선적 벌크선으로 미국 뉴욕 소재 해운사인 젠코시핑앤드트레이딩이 소유하고 있다. 젠코시핑앤드트레이딩은 뉴욕증권거래소(NYSE) 상장 업체다.사레아 대변인은 “(후티반군 군사거점에 대한) 미국과 영국의 공격에 대한 대응이 이뤄지는 건 필연적”이라면서 “(후티를 겨냥한) 어떤 새로운 공격도 대응과 처벌 없이 넘어가지 못할 것임을 분명히 한다”고 밝혔다. 그는 후티 반군은 스스로를 지키고 가자지구의 팔레스타인인들을 돕기 위해 이 같은 공격을 계속할 것이라고 덧붙였다.젠코 측은 성명을 통해 이 배가 사우디아라비아에서 인광석을 싣고 인도로 가는 중이었면서 “선원들은 다치지 않은 것으로 확인됐다”고 밝혔다. 이어 “배는 통로에 제한적인 피해를 입었으나 해당 구역을 벗어나 안정적으로 이동 중”이라고 밝혔다.후티 반군은 이스라엘과 전쟁 중인 팔레스타인 무장정파 하마스를 돕는다는 명분으로 지난해 11월부터 아시아와 유럽을 잇는 주요 교역로인 홍해를 지나는 상선들을 드론과 미사일 등으로 공격해왔다. 이 때문에 홍해를 통한 국제 물류에 차질이 발생했다.이에 미국은 영국 등과 함께 다국적 함대를 구성해 홍해 방어에 나서는 한편 지난 12일부터 세 차례에 걸쳐 예멘 내 후티 반군 거점을 공습했다. 그러나 후티 반군은 이에 아랑곳하지 않고 민간 선박에 대한 공격을 지속하고 있다. 후티 반군은 지난 15일에도 미국 회사가 소유한 마셜제도 선적 선박 ‘M/V 지브롤터 이글호’을 탄도 미사일로 공격한 바 있다.앞서 이날 미국은 후티 반군을 ‘특별지정 국제테러리스트’(SDGT)로 재지정했다. SDGT로 지정되면 미국에 있는 모든 자산이 동결되고 미국인과 거래가 금지된다. 미국은 도널드 트럼프 행정부 말기인 2021년 1월 후티 반군을 테러단체로 지정했다가 예멘 주민들에 대한 구호 활동에 지장이 생길 수 있다는 유엔과 국제구호단체들의 우려를 받아들여 바이든 행정부 출범 직후에 지정을 해제했다.\n\t\t\n",
  "thumbnail": "https://mimgnews.pstatic.net/image/origin/032/2024/01/18/3274050.jpg?type=nf106_72",
  "article_date": "2024-01-18 08:37:01",
  "site_info": "naver",
  "like_count": null,
  "viewed_count": null,
  "tags": []
}