{
  "uid": "naver_1224",
  "article_url": "https://n.news.naver.com/mnews/article/277/0005368488?sid=104",
  "title_text": "우크라 외무장관 \"하늘서 러시아 몰아내야\"…제공권 강조",
  "body_text": "\n\n다보스포럼서 연설대통령도 전날 군사·재정지원 호소드미트로 쿨레바 우크라이나 외무장관이 \"2024년에는 러시아를 하늘에서 몰아내는 것이 최우선 과제\"라며 제공권의 중요성을 강조했다. \n\n\n\n러시아 미사일에 직격당한 우크라이나 하르키우에 있는 건물 아래서 포크레인 등 중장비들이 잔해를 치우고 있다.[사진=로이터 연합뉴스]쿨레바 장관은 17일(현지시간) 스위스에서 열리고 있는 세계경제포럼(WEF·다보스포럼)에서 연설을 통해 \"하늘을 통제하는 자가 전쟁이 언제, 어떻게 끝낼지 결정할 수 있다\"며 이같이 말했다. 볼로디미르 젤렌스키 우크라이나 대통령도 전날 WEF에서 군사·재정지원을 호소하면서 \"우크라이나가 이제 막 흑해에서 우위를 확보했듯이 제공권에서도 우위를 차지해야만 한다\"고 강조했다. 앞서 우크라이나군은 지난해 6월 서방이 지원한 미사일과 화력을 앞세워 반격 작전을 개시했으나 러시아의 방어에 막혀 별다른 소득을 얻지 못했다. 지난해 12월29일에는 러시아군이 우크라이나 전역에 미사일과 무인기(드론) 150여발을 쏟아붓는 개전 이래 최대 공습을 감행하며 막대한 피해를 봤고, 올해 들어서도 이 같은 양상은 계속되고 있다.    우크라이나는 전황을 바꾸기 위해 지난 수개월간 미국과 유럽 각국으로부터 약속받은 F-16 전투기를 확보하는 데 집중할 전망이다. \n\n",
  "thumbnail": "https://mimgnews.pstatic.net/image/origin/277/2024/01/17/5368488.jpg?type=nf106_72",
  "article_date": "2024-01-17 18:49:44",
  "site_info": "naver",
  "like_count": null,
  "viewed_count": null,
  "tags": []
}