{
  "uid": "naver_1214",
  "article_url": "https://n.news.naver.com/mnews/article/030/0003174253?sid=104",
  "title_text": "“인간이라면 200살”…'31세 최고령 개' 나이 조작 의혹",
  "body_text": "\n\n\n\n\n\n'세계 최고령 개' 기록을 보유한 '보비'의 나이에 대해 의문이 제기되면서 기네스 세계기록(GWR)이 공식 재검토에 들어갔다. 사진=로이터 연합뉴스'세계 최고령 개' 기록을 보유한 '보비'의 나이에 대해 의문이 제기되면서 기네스 세계기록(GWR)이 공식 재검토에 들어갔다.16일(현지시간) 로이터 통신에 따르면 이날 GWR은 지난해 죽은 포르투갈 개 보비에게 부여한 세계 최고령 개 타이틀에 대한 공식 재검토가 진행 중이라고 밝혔다.GWR는 지난해 2월 1일 기준 보비의 나이가 30세266일로 살아있는 최고령 개이자 역대 최고령 개라고 선언했다. 1939년 29세5개월로 죽은 호주 개 블루이의 기록을 깼다는 것이었다.보비는 8개월 뒤인 같은 해 10월 31세165일의 나이로 최고령 개 타이틀을 보유한 채 세상을 떠났다.GWR는 앞서 보비가 1992년 5월 11일생으로 포르투갈 국립 수의사 협회에서 관리하고 포르투갈 정부가 승인한 반려동물 데이터베이스에서 나이를 확인받았다고 밝혔다.보비는 포르투갈의 대형 목축견인 '하페이루 두 알렌테주'종으로, 이 품종의 기대 수명은 보통 12∼14세다.그러나 일부 수의사들은 보비의 나이에 의문을 제기했다.1999년 찍힌 영상에서 보비의 발 색깔이 지난해 10월의 모습과 다르다는 것이 이들의 주장이다. 또 일부 수의사들은 보비의 나이가 현 국립 데이터베이스에 등록돼 있기는 하지만 이는 보통 개 주인 본인의 확인에 근거한다고 지적했다.의혹이 확산하자 GWR 대변인은 보비의 기록에 대한 재검토가 진행 중이라고 밝혔다. 이어 재검토가 진행되는 동안 보비에 대한 역대 최고령 개 기록 타이틀 적용을 일시 중단하기로 결정했다고 덧붙였다.보비의 주인 레우넬 코스타는 이날 성명에서 “보비가 죽은 뒤 수의사 업계 내에서 보비의 이야기가 사실이 아니라는 생각을 퍼뜨리려는 사람이 있었다”며 “보비는 GWR가 요구한 모든 요건을 충족했다”고 밝혔다.\n\n",
  "thumbnail": "https://mimgnews.pstatic.net/image/origin/030/2024/01/17/3174253.jpg?type=nf106_72",
  "article_date": "2024-01-17 19:52:03",
  "site_info": "naver",
  "like_count": null,
  "viewed_count": null,
  "tags": []
}