{
  "uid": "naver_1158",
  "article_url": "https://n.news.naver.com/mnews/article/055/0001123583?sid=104",
  "title_text": "미국, 체감 영하 30도 혹한에 테슬라 방전 · 견인 속출",
  "body_text": "\n\n\n\n\n\n미국 중북부 지역에 한파가 덮쳐 체감온도가 영하 30도 아래로 내려가면서 시카고 등 일부 지역에서 전기차 테슬라가 방전 및 견인되는 사태가 속출하고 있다고 미 일간 뉴욕타임스(NYT) 등이 17일(현지시간) 보도했습니다.미국 국립기상청(NWS)에 따르면 전날 시카고 일대의 체감기온은 영하 34도까지 내려갔습니다.NYT는 \"시카고의 전기차 충전소들은 배터리 방전과 서로 대치하는 운전자들, 거리 밖으로 이어진 긴 줄로 인해 절망의 현장으로 변했다\"고 보도했습니다.시카고에 거주하는 35세 엔지니어 닉 세티는 전날 아침 자신의 테슬라 차량이 얼어붙어 차 문조차 열리지 않았다고 말했습니다.어렵사리 트렁크 손잡이를 눌러 트렁크를 열고 차에 탄 뒤 테슬라 슈퍼차저 충전소까지 이동했지만, 이미 12개의 충전기가 모두 사용 중이라 몇 시간을 기다려야만 했습니다.또 다른 테슬라 소유자는 시카고 지역 방송 WLS에 \"최소 10대의 테슬라 차량이 배터리가 방전돼 견인되는 것을 목격했다\"고 말했습니다.영하의 낮은 온도에선 배터리 양극과 음극의 화학반응이 느려져 충전을 어렵게 만든다고 전문가들은 설명합니다.어바인 캘리포니아대학의 기계공학 교수 잭 브로워는 \"배터리로 구동되는 전기차를 매우 추운 환경에서 작동시키기는 매우 어려운 일\"이라고 말했습니다.NYT는 평균 기온이 낮지만 전기차 보급률이 높은 북유럽 노르웨이 등의 사례를 들어 미국의 충전 인프라 미비가 문제라고 지적했습니다.노르웨이는 전체 차량 4대 중 1대꼴로 전기차인데, 최근 몇 년간 전국적으로 충전기 설치를 늘리면서 겨울에 충전 대기 시간이 길어지는 문제를 완화했다는 게 노르웨이 전기차협회 고문인 라스 고드볼트의 설명입니다.또, 노르웨이에선 전기차 소유자의 거의 90%가 주택에 개인 충전시설을 갖추고 있다고 고드볼트는 전했습니다.(사진=AP, 연합뉴스)\n\t\t\n",
  "thumbnail": "https://mimgnews.pstatic.net/image/origin/055/2024/01/18/1123583.jpg?type=nf106_72",
  "article_date": "2024-01-18 04:01:01",
  "site_info": "naver",
  "like_count": null,
  "viewed_count": null,
  "tags": []
}