{
  "uid": "6554800",
  "article_url": "https://time.com/6554800/philippines-duterte-grave-threats-dismissed-evidence-france-castro/",
  "title_text": "Philippines Dismisses Grave-Threats Case Against Ex-Leader Rodrigo Duterte",
  "body_text": "A Philippine prosecutor has dismissed a criminal complaint of grave threats against former President Rodrigo Duterte due to lack of evidence.Read More: Philippine Prosecutor Subpoenas Ex-President Rodrigo Duterte Over Alleged Death ThreatQuezon City Deputy City Prosecutor Leilia Llanes approved the dismissal of the complaint filed by House of Representatives Deputy Minority Leader France Castro for “want of sufficient evidence,” according to a copy of the resolution on Jan. 9 but released to media on Friday.In October, Castro, Duterte’s political opponent, alleged that the former president during a television show threatened to kill her, and that the continued spread of his remarks presented dangers to her life, liberty and security.The 78-year-old former president, known for his fiery, often expletives-ridden remarks, denied the accusation.",
  "thumbnail": "https://api.time.com/wp-content/uploads/2024/01/rodrigo-duterte.jpg?quality=85&w=407&h=271&crop=1",
  "article_date": "2024-01-12",
  "site_info": "time",
  "like_count": null,
  "viewed_count": null,
  "tags": []
}