{
  "uid": "naver_1134",
  "article_url": "https://n.news.naver.com/mnews/article/421/0007297843?sid=104",
  "title_text": "테슬라 중국 이어 독일서도 가격 인하 2% 급락(상보)",
  "body_text": "\n\n\n\n\n\n테슬라 일일 주가추이 - 야후 파이낸스 갈무리(서울=뉴스1) 박형기 기자 = 테슬라가 중국에 이어 독일에서도 가격 인하를 발표하자 테슬라 주가가 2% 정도 급락했다. 17일(현지시간) 뉴욕증시에서 테슬라는 전거래일보다 1.98% 급락한 215.55 달러를 기록했다. 이는 연이은 가격 인하 때문으로 풀이된다.이날 로이터통신은 테슬라가 독일에서 모델Y 롱레인지와 모델Y 퍼포먼스의 가격을 5000 유로(약 731만원)씩 인하해 각각 4만9990 유로, 5만5990 유로로 내렸다고 보도했다. 이는 이전 가격 대비 9% 정도 할인된 것이다. 앞서 테슬라는 중국에서도 가격을 인하했었다. 테슬라는 지난 12일 중국 공식 웹사이트를 통해 기본 모델인 모델3 가격을 5.9%, 모델Y 스포츠유틸리티차량(SUV) 가격은 2.8% 각각 인하한다고 밝혔다.테슬라가 가격을 인하한 것은 고육지책으로, 최대 경쟁사 중국 비야디(BYD)가 약진하고 있기 때문으로 보인다. BYD는 지난 4분기 테슬라보다 더 많은 전기차를 팔아 테슬라를 제치고 세계 최대 전기차 업체로 우뚝 섰다.\n\n\n\nBYD 전기차 ⓒ 로이터=뉴스1가격 인하는 이익마진을 갉아먹기 때문에 주가에는 쥐약이다. 이에 따라 테슬라의 주가는 이날 2% 가까이 급락한 것으로 보인다.\n\t\t\n",
  "thumbnail": "https://mimgnews.pstatic.net/image/origin/421/2024/01/18/7297843.jpg?type=nf106_72",
  "article_date": "2024-01-18 06:20:30",
  "site_info": "naver",
  "like_count": null,
  "viewed_count": null,
  "tags": []
}