{
  "uid": "naver_1065",
  "article_url": "https://n.news.naver.com/mnews/article/056/0011644705?sid=104",
  "title_text": "일본 노토반도 시카원전 비상발전기,시운전 중 정지",
  "body_text": "\n\n\n\n\n\n지난 1일 규모 7.6의 강진이 발생한 일본 이시카와현 노토반도 시카원자력발전소의 비상용 발전기가 어제(17일) 시운전 중 자동으로 정지했다고 마이니치신문이 오늘(18일) 보도했습니다. 보도에 따르면 호쿠리쿠전력은 지난 16일 노토반도에서 규모 4.8 여진이 일어난 것을 계기로 시카 원자력발전소 1호기 원자로의 비상용 디젤 발전기 3대를 어제 시운전했습니다. 2대는 별다른 문제가 없었으나, 나머지 1대는 출력을 올리자 경보음을 울리며 자동으로 멈췄다고 교도통신이 전했습니다. 이 발전기는 강진 발생 직후인 지난 3일 시운전에서는 정상적으로 가동됐습니다. 발전기가 자동 정지한 정확한 원인은 규명되지 않았습니다. 호쿠리쿠전력 측은 다른 전원을 활용할 수 있다는 점을 근거로 “안전상에 문제는 없다”고 말했습니다. 하지만 시카 원전은 강진 직후 외부에서 들어오는 전원 5개 회선 가운데 2개가 끊겼고, 변압기가 파손돼 약 2만3천리터의 기름이 누출됐습니다. 누출된 기름 중 일부는 바다로 유입돼 가로 100ｍ, 세로 30ｍ 넓이의 거대한 기름막이 원전 주변 해역에서 발견되기도 했습니다. 원전이 있는 노토반도 시카마치는 지난 1일 강진 당시 가장 강한 흔들림이 관측된 지역입니다.[사진 출처 : 교도=연합뉴스]■ 제보하기▷ 전화 : 02-781-1234, 4444▷ 이메일 : kbs1234@kbs.co.kr▷ 카카오톡 : 'KBS제보' 검색, 채널 추가▷ 네이버, 유튜브에서 KBS뉴스를 구독해주세요!\n\n",
  "thumbnail": "https://mimgnews.pstatic.net/image/origin/056/2024/01/18/11644705.jpg?type=nf106_72",
  "article_date": "2024-01-18 09:42:56",
  "site_info": "naver",
  "like_count": null,
  "viewed_count": null,
  "tags": []
}