{
  "uid": "naver_100",
  "article_url": "https://n.news.naver.com/mnews/article/081/0003425226?sid=104",
  "title_text": "美공화 대선후보 디샌티스 사퇴…‘트럼프 대세론’ 굳히나",
  "body_text": "\n\n‘엑스’서 사퇴 결정 발표…“트럼프에 기회”‘리틀 트럼프’로 불리며 한때 대항마 급부상뉴햄프셔주 대결서 트럼프-헤일리 양자구도\n\n\n\n디샌티스 미국 플로리다 주지사. AP 연합뉴스미국 대선 공화당 후보 여론조사에서 한때 도널드 트럼프 전 대통령을 추월해 ‘트럼프 대항마’로 떠올랐던 론 디샌티스 플로리다 주지사가 21일(현지시간) 대선 경선 후보에서 전격 사퇴했다. 그는 사퇴 직후 도널드 트럼프 전 대통령 지지를 선언했다. 두 번째 공화당 경선인 뉴햄프셔주 프라이머리를 불과 이틀 앞두고 디샌티스가 레이스를 조기에 포기하면서 남은 미국 대선 구도에 엄청난 파장이 예상된다.디샌티스 주지사는 이날 소셜미디어 ‘엑스’(X·옛 트위터)에 올린 영상에서 “나는 오늘 선거운동을 중단한다. 이 캠페인(공화당 경선 유세)은 끝났지만 (나의) 임무는 계속된다”며 사퇴를 공식 발표했다.그는 “공화당 경선에 참여하는 유권자 다수가 도널드 트럼프에게 다시 기회를 주고 싶어 한다는 게 명확해졌다”며 “트럼프는 현직인 조 바이든보다 우수하다”고 말했다. 그는 공화당 경선에 참여하면서 승자를 지지하겠다고 약속한 사실을 거론하면서 “난 그 약속을 지킬 것”이라고 밝혔다.‘리틀 트럼프’로 불렸던 디샌티스 주지사는 트럼프 전 대통령과 유사한 극우 노선을 밟으며 공화당 내 정치적 입지를 굳혔다. 특히 2022년 11월 플로리다 주지사 선거에서 재선에 성공하면서 공화당 대권 주자로서 가능성을 주목받았다. 한때 여론조사에서 트럼프 전 대통령을 앞서 관심을 끌었다.그러나 지난해 5월 “위대한 미국의 복귀”를 다짐하며 대선 출마를 공식 선언한 이후 지지율 내림세를 면치 못하고 고전했다. 디샌티스 주지사는 올해 들어 공화당 경선 후보 여론조사에서 트럼프 전 대통령과 크게 차이 나는 2위에 머물렀고, 특히 최근 여론조사에서는 바이오기업 창업자인 비벡 라마스와미에도 밀려나면서 중도 포기설이 나돌았다.트럼프 전 대통령과 노선이 비슷해 트럼프 지지층을 흡수하지 못했고, 낙태 찬성론자와 성소자들과도 대립하면서 중도층 표심까지 잃은 것도 지지율 하락 원인으로 지목됐다. 디센티스는 아이오와 코커스 유세장에서 실내에서 코트를 입거나 주머니에 손을 넣고 연설하면서 “진지해 보이지 않는다”고 비판받기도 했었다. 워싱턴포스트(WP)는 “유세 현장에서의 그의 어색한 행동은 선거운동에 악영향을 미쳤다”고 했다.\n\n\n\n21일(현지시간) 론 디샌티스(왼쪽) 플로리다 주지사가 도널드 트럼프 전 대통령과 플로리다 유세 도중 악수를 나누고 있다. AFP 연합뉴스이로써 공화당 경선은 최근 아이오와에서 압도적으로 승리한 트럼프 전 대통령과 두 번째 경선지인 뉴햄프셔에 희망을 걸고 있는 니키 헤일리 전 유엔대사의 양자 대결 구도로 좁혀졌다.디샌티스 주지사가 일반인도 투표에 참여하는 뉴햄프셔 프라이머리를 앞두고 전격 사퇴함에 따라 트럼프가 승리할 가능성은 더욱 커졌다. 트럼프 전 대통령이 아이오와주에 이어 뉴햄프셔주에서도 과반 득표를 하며 확고한 대세를 확인할 경우 헤일리 전 대사도 당내에서 사퇴 압박에 직면할 것으로 예상된다.반면에 헤일리 전 대사가 뉴햄프셔에서 트럼프 전 대통령에게 승리하거나 선전할 경우 공화당의 대선 후보 자리를 조기에 거머쥐겠다는 트럼프 전 대통령의 대선 전략에는 차질이 예상된다.한편, 이날 CNN이 발표한 여론조사에서도 트럼프 지지율은 50%로 헤일리(39%)를 11% 포인트 앞섰다.\n\t\t\n",
  "thumbnail": "https://mimgnews.pstatic.net/image/origin/081/2024/01/22/3425226.jpg?type=nf106_72",
  "article_date": "2024-01-22 06:32:01",
  "site_info": "naver",
  "like_count": null,
  "viewed_count": null,
  "tags": []
}