{
  "uid": "naver_1116",
  "article_url": "https://n.news.naver.com/mnews/article/421/0007297877?sid=104",
  "title_text": "삼전 최신폰에 AI 장착 소식에 애플 오늘도 0.52%↓",
  "body_text": "\n\n\n\n\n\n애플 일일 주가추이 - 야후 파이낸스 갈무리(서울=뉴스1) 박형기 기자 = 삼성전자가 생성형 인공지능(AI)을 장착한 최신 휴대폰을 출시할 계획이라고 발표하고, 미국 국제무역위원회(ITC)가 애플 워치 수입 금지 결정을 내리는 등 악재로 애플이 오늘도 하락했다. 17일(현지시간) 뉴욕증시에서 애플은 전거래일보다 0.52% 하락한 182.68 달러를 기록했다. 애플은 올 들어 연일 하락하고 있다. 이에 따라 시총 1위 자리도 마이크로소프트(MS)에 내주었다.이날 애플이 또다시 하락한 것은 일단 ITC가 특허권 분쟁으로 애플 워치 수입 금지 결정을 내리자 미국에서 판매되는 애플 워치에서 혈중 산소 포화도 측정 기능을 제거할 예정이기 때문으로 풀이된다.이뿐 아니라 전일 삼성전자가 생성형 AI가 장착된 최신폰 출시 계획을 발표, 고가폰 시장의 경쟁이 더욱 치열해질 것이란 전망도 주가 하락에 한몫한 것으로 보인다. 전일에도 애플은 중국에서 판매 부진을 만회하기 위해 아이폰 가격을 5% 인하한다고 발표함에 따라 주가 1.23% 하락했었다.\n\t\t\n",
  "thumbnail": "https://mimgnews.pstatic.net/image/origin/421/2024/01/18/7297877.jpg?type=nf106_72",
  "article_date": "2024-01-18 07:12:57",
  "site_info": "naver",
  "like_count": null,
  "viewed_count": null,
  "tags": []
}