{
  "uid": "naver_1106",
  "article_url": "https://n.news.naver.com/mnews/article/032/0003274041?sid=104",
  "title_text": "미 “후티 반군 테러단체 재지정, 한달 후 시행” 왜",
  "body_text": "\n\n예멘 주민 인도적 지원 등 고려\n\n\n\n예멘 후티 반군. 로이터연합뉴스미국이 홍해에서 상선을 공격해온 예멘 후티 반군을 테러 단체로 재지정했다.미 국무부는 17일(현지시간) 성명을 내고 “후티 반군으로 알려진 안사랄라를 특별지정 국제 테러리스트(SDGT) 단체로 지정하며 이는 30일 후부터 시행된다”고 밝혔다.국무부는 “지난 11월부터 후티 반군은 홍해와 아덴만에서 선박 및 선박을 보호하기 위해 배치된 군대를 공격했다”면서 “이번 지정은 이 단체의 테러 활동에 대해 책임을 묻기 위한 것”이라고 밝혔다. 국무부는 이어 후티 반군이 홍해와 아덴만에서의 공격을 중단하면 지정 철회를 고려할 수 있다고 밝혔다.앞서 전임 트럼프 행정부는 예멘 남부 아덴공항 폭탄 공격 등 테러 행위에 대한 책임을 묻기 위해 트럼프 대통령 임기 마지막 날인 2021년 1월19일부로 후티 반군을 SDGT와 외국테러단체(FTO)로 지정한 바 있다.SDGT로 지정되면 미국 내 모든 자산이 동결되고 미국인과 거래가 금지된다. FTO로 지정되면 미국 정부 관할에 있는 개인이나 단체로부터 “물질적 지원이나 자원”을 제공받을 수 없다. 여기에는 무기, 통신 장비 및 시설, 교통, 훈련, 금융 등 각종 서비스가 포함된다.바이든 행정부는 후티 반군이 테러 단체로 지정돼 예멘 주민들에 대한 구호품 제공이 어려워질 수 있다는 유엔과 국제구호 단체들의 우려를 받아들여 2021년 2월16일 후티반군에 대한 SDGT와 FTO 지정을 해제했다.바이든 행정부는 FTO 재지정도 검토한 것으로 알려졌으나 이번에는 SDGT 지정만 발표했다. 바이든 행정부 고위당국자는 전날 이와 관련해 “지금 시점에서 후티를 압박하는 데 SDGT 지정이 적절한 도구라고 생각한다”고 설명했다.국무부는 구호단체와 예멘 주민이 이에 대비할 수 있도록 하고 인도적 지원에 필요한 포괄적 허가를 발급할 시간을 벌기 위해 SDGT 지정은 향후 30일 이후부터 시행한다고 밝혔다. 국무부는 “이번 지정이 예멘 국민에게 미칠 수 있는 부정적 영향을 완화하기 위해 상당한 조치를 취하고 있다”고도 밝혔다.후티 반군 대변인 무함마드 압둘살람은 로이터통신에 미국의 테러단체 재지정은 자신들의 입장에 영향을 미치지 않을 것이라면서 “이스라엘 선박과 이스라엘을 향해 가는 선박의 아라비아해, 홍해, 바브엘만데브 해협 통과를 막기 위한 공격은 계속될 것”이라고 말했다.\n\t\t\n",
  "thumbnail": "https://mimgnews.pstatic.net/image/origin/032/2024/01/18/3274041.jpg?type=nf106_72",
  "article_date": "2024-01-18 07:51:01",
  "site_info": "naver",
  "like_count": null,
  "viewed_count": null,
  "tags": []
}