{
  "uid": "naver_1053",
  "article_url": "https://n.news.naver.com/mnews/article/003/0012325716?sid=104",
  "title_text": "바이든, 의회 지도부와 '우크라 지원 담판' 회동…입장차 여전",
  "body_text": "\n\n바이든 \"무대책으로 일관하면 세계 위험에 빠져\"하원의장 \"우크라 지원, 국경 강화 연계해 처리\"\n\n\n\n[워싱턴DC=AP/뉴시스] 마이크 존슨 미 하원의장(오른쪽에서 두 번째)이 17일(현지시간) 미국 워싱턴DC 백악관에서 조 바이든 대통령과 회동 후 기자회견 하고 있다. 2024.01.18.[서울=뉴시스] 이혜원 기자 = 조 바이든 미국 대통령이 우크라이나 지원을 위한 예산안 담판을 짓기 위해 의회 지도부와 회동했지만 입장차를 좁히지 못하고 종료됐다.백악관은 17일(현지시간) 바이든 대통령이 우크라이나 추가 자금 지원 승인 관련 \"긴급한 필요성\"을 강조하기 위해 미 의회 및 위원회 지도부와 회의를 소집했다고 밝혔다.백악관에 따르면 바이든 대통령은 우크라이나가 자국 방어에 필요한 자원을 확보할 수 있도록 의회가 보장하는 게 중요하다고 강조하며, 의회가 무대책으로 일관할 경우 초래될 전략적 결과를 논의했다.우크라이나 지원안을 처리하지 않는다면 미국 안보와 북대서양조약기구(NATO·나토) 동맹, 나아가 나머지 자유세계를 위험에 빠뜨릴 것이라고도 지적했다.우크라이나 지원을 위한 추가 자금을 신속히 제공하고 미국의 강력한 결의 신호를 보내야 한다며, 의회에 국가안보 추가경정예산을 신속히 통과시켜달라고 촉구했다.바이든 대통령의 이같은 노력에도 우크라이나 지원에 앞서 이민자 문제 대응을 위한 국경 강화 대책이 선행돼야 한다는 공화당과의 이견은 좁혀지지 않은 것으로 파악된다.마이크 존슨 미 하원의장은 바이든 대통령과 회동 후 기자들과 만난 자리에서 우크라이나 지원과 국경 협정 관련 자신의 입장엔 변함이 없다고 밝혔다.존슨 의장은 \"우린 국경에 변화를 줘야 한다\"며 \"하원 공화당 의원들은 우크라이나 자금 지원에 대한 필요성은 이해하지만, (국경에서) 현상 유지는 용납할 수 없다는 입장\"이라고 말했다.이같은 입장을 바이든 대통령에게 직접 전달했다며, 우크라이나 지원 예산안 처리를 국경 강화와 연계하는 데 강경한 입장을 유지하고 있음을 시사했다.존슨 의장은 \"우크라이나 안보와 주권에 대한 우려가 있다는 건 이해하지만, 미국 국민들도 우리 주권과 안전 및 안보에 대한 동일한 우려를 갖고 있다\"며 \"국경이 최우선\"이라고 재차 강조했다.\n\n\n\n[워싱턴=AP/뉴시스] 조 바이든(오른쪽) 미국 대통령과 볼로디미르 젤렌스키 우크라이나 대통령이 지난달 12일(현지시각) 백악관 집무실에서 회담하고 있다. 2024.01.18.척 슈머 민주당 상원 원내대표는 회의에 참석한 일부 공화당 의원들은 국경 문제 이후 우크라이나 자금 지원 문제를 처리해야 한다고 말했지만, 다른 참석자 대부분 두 문제를 함께 처리하길 원했다고 전했다.바이든 대통령도 국경 문제를 진전시킬 의향이 있음을 수 차례 말했다며, 초당파적 해결을 촉구했다. 그러면서 \"합의에 도달할 가능성을 낙관적으로 보고 있다\"며 \"이번주 정부에 자금을 지원하길 희망한다\"고 기대했다.하원 외교위원장인 공화당 마이크 매콜(텍사스) 의원은 \"두 문제 모두 함께 처리할 수 있지만, 문제는 세부 사항\"이라고 말했다．\n\n",
  "thumbnail": "https://mimgnews.pstatic.net/image/origin/003/2024/01/18/12325716.jpg?type=nf106_72",
  "article_date": "2024-01-18 10:16:05",
  "site_info": "naver",
  "like_count": null,
  "viewed_count": null,
  "tags": []
}