{
  "uid": "naver_112",
  "article_url": "https://n.news.naver.com/mnews/article/056/0011646537?sid=104",
  "title_text": "미, 공화 대선후보 디샌티스 중도사퇴…트럼프 VS 헤일리 양자대결로",
  "body_text": "\n\n\n\n\n\n미국 공화당 대선 후보 경선 주자인 론 디샌티스 플로리다주지사가 현지시간 21일 후보를 사퇴하고 도널드 트럼프 전 대통령 지지를 선언했습니다. 이로써 공화당 경선은 최근 아이오와에서 압도적으로 승리한 트럼프 전 대통령과 두번째 경선지인 뉴햄프셔에 희망을 걸고 있는 니키 헤일리 전 유엔대사의 양자 대결 구도로 좁혀졌습니다. 디샌티스 주지사는 소셜미디어 페이스북 등에 올린 영상에서 \"나는 오늘 선거운동을 중단한다\"며 사퇴 결정을 공식 발표했습니다. 그는 \"공화당 경선에 참여하는 유권자 다수가 도널드 트럼프에게 다시 기회를 주고 싶어한다는 게 명확해졌다\"며 \"트럼프는 현직인 조 바이든보다 우수하다\"고 말했습니다. 디샌티스 주지사가 공화당의 두번째 대선 후보 경선이자, 당원이 아닌 일반인도 투표에 참가하는 뉴햄프셔 프라이머리를 앞두고 전격 사퇴함에 따라 트럼프 전 대통령과 헤일리 전 대사간 양자구도가 된 뉴햄프셔 경선은 더욱 치열해질 것으로 전망됩니다. 특히 헤일리 전 대사가 뉴햄프셔에서 트럼프 전 대통령에게 승리하거나 선전할 경우 공화당의 대선 후보 자리를 조기에 거머쥐겠다는 트럼프 전 대통령의 대선 전략에는 적지않은 차질이 예상됩니다. 반면에 트럼프 전 대통령이 아이오와주에 이어 뉴햄프셔주에서도 과반 득표를 하며 확고한 대세를 확인할 경우 헤일리 전 대사도 당내에서 사퇴 압박에 직면할 것으로 보입니다. 트럼프 캠프는 이날 성명에서 디샌티스 주지사의 지지 선언을 \"영광으로 여긴다\"면서 \"이제 모든 공화당이 트럼프 대통령과 결집해 비뚤어진 조 바이든을 이기고 그의 재앙적인 임기를 끝내야 할 때다\"라고 밝혔습니다. CNN에 따르면 헤일리 전 대사는 디샌티스 사퇴 소식을 접하고서 \"이제 남자 한 명과 여자 한 명만 남았다\"고 말해 1대1 대결구도를 부각했습니다.[사진 출처 : 연합뉴스]■ 제보하기▷ 전화 : 02-781-1234, 4444▷ 이메일 : kbs1234@kbs.co.kr▷ 카카오톡 : 'KBS제보' 검색, 채널 추가▷ 네이버, 유튜브에서 KBS뉴스를 구독해주세요!\n\n",
  "thumbnail": "https://mimgnews.pstatic.net/image/origin/056/2024/01/22/11646537.jpg?type=nf106_72",
  "article_date": "2024-01-22 05:23:39",
  "site_info": "naver",
  "like_count": null,
  "viewed_count": null,
  "tags": []
}