{
  "uid": "naver_1154",
  "article_url": "https://n.news.naver.com/mnews/article/001/0014451543?sid=104",
  "title_text": "\"예멘 남부 해상서 무인기 공격받은 선박에 불\"",
  "body_text": "\n\n마셜제도 선적 벌크선…\"선박·승무원 안전\"\n\n\n\n예멘 남쪽 아덴항과 아덴만 해상[구글지도 캡처. 재판매 및 DB 금지]    (요하네스버그=연합뉴스) 유현민 특파원 = 예멘 남부 해상에서 무인기(드론)의 공격을 받은 선박에 불이 났다고 로이터 통신이 17일(현지시간) 보도했다.    영국 해군 해사무역기구(UKMTO)는 이날 \"오늘 예멘 아덴 동남쪽 60해리 해상에서 한 선박이 좌현에 드론 공격을 받았다는 보고를 받았다\"며 \"선박에 불이 났으나 진화된 상태\"라고 밝혔다.    그러면서 \"선박과 승무원들은 안전하며 다음 기항지로 이동하고 있다\"고 덧붙였다.    영국 해상 보안업체 암브레이는 아덴만을 따라 동쪽으로 항해하던 마셜제도 선적의 벌크선이 동남쪽 66마일 해상에서 드론 공격을 받았다고 전했다.     암브레이는 공격받은 선박의 통로가 훼손돼 못쓰게 됐다고 부연했다.    이날 공격은 예멘의 친이란 반군 후티의 소행이 유력해 보인다.    후티는 이스라엘과 전쟁 중인 팔레스타인 무장정파 하마스를 지원한다는 명분으로 지난해 11월부터 홍해를 지나는 이스라엘과 관련된 선박들을 공격하고 있다.    이들의 공격으로 아시아와 유럽을 잇는 최단 항로(홍해-수에즈운하-지중해)가 마비 지경에 이르자 미국은 다국적군을 중심으로 홍해에서 '번영의 수호자 작전'을 폈고, 최근 3차례에 걸쳐 영국과 함께 예멘 내 반군 근거지를 공습했다.    그러나 후티는 아랑곳하지 않고 미국 구축함과 상선을 공격했고, 이스라엘 이외에 미국과 영국 관련 선박까지 정식으로 공격 대상에 포함하겠다고 경고했다.    hyunmin623@yna.co.kr\n\n",
  "thumbnail": "https://mimgnews.pstatic.net/image/origin/001/2024/01/18/14451543.jpg?type=nf106_72",
  "article_date": "2024-01-18 04:52:10",
  "site_info": "naver",
  "like_count": null,
  "viewed_count": null,
  "tags": []
}