{
  "uid": "naver_1108",
  "article_url": "https://n.news.naver.com/mnews/article/052/0001986722?sid=104",
  "title_text": "[자막뉴스] '꼴찌' 기록한 日...\"올 것이 왔다\"",
  "body_text": "\n\n\t\t\t일본 닛케이지수는 지난 11일, 거품 경제 시절이던 1990년 2월 하순 이후 34년 만에 35,000을 돌파했습니다.6거래일 연속 최고치를 이어가다 이틀 동안 소폭 하락하긴 했지만, 35,000대를 유지하고 있습니다.이 때문에 1989년 말에 기록한 역대 최고치인 38,915를 연내 넘을 수 있다는 기대까지 나옵니다.소액투자 비과세제도와 엔화 약세에 따른 주식시장으로의 자금 유입 등이 요인으로 꼽힙니다.하지만 후끈 달아오른 증시 분위기와는 달리 일본의 명목 국내총생산, GDP는 55년 만에 독일에 밀려 4위로 하락할 것이란 전망입니다.아사히신문은 2000~2022년 실질성장률에서 독일은 1.2%였지만 일본은 0.7%에 그쳤다고 지적했습니다.이어 기업의 국내 투자 축소와 내수 부진을 경제 성장세의 주요 둔화 요인으로 꼽았습니다.일본은 또 1인당 GDP가 2022년 기준 G7 국가 중 최하위를 기록하며 체면을 한층 더 구겼습니다.[하야시 요시마사 / 일본 관방장관 : 일본 경제는 버블 붕괴 이후 장기적 디플레이션으로 수요가 부진하고 디플레이션이 지속되는 악순환이 이어진 것이 사실입니다.]이에 일본 정부는 비용 절감형 경제에서 지속적인 임금 인상과 활발한 투자가 견인하는 성장형 경제로 변혁을 이루겠다고 밝혔습니다.이런 가운데 타이완 정세 등 안보 환경과 임금 인상률, 일본 은행의 금융완화 유지 여부 등의 각종 대내외 변수에 일본 경제계가 올 한해 더욱 촉각을 곤두세울 것으로 보입니다.도쿄에서 YTN 김세호입니다.영상편집ㅣ사이토자막뉴스ㅣ이 선#YTN자막뉴스\n\t\t\n",
  "thumbnail": "https://mimgnews.pstatic.net/image/origin/052/2024/01/18/1986722.jpg?type=nf106_72",
  "article_date": "2024-01-18 07:44:53",
  "site_info": "naver",
  "like_count": null,
  "viewed_count": null,
  "tags": []
}