{
  "uid": "naver_1171",
  "article_url": "https://n.news.naver.com/mnews/article/008/0004987498?sid=104",
  "title_text": "중국, 코로나 치명성 알고도 숨겼다…최소 보름 넘게 늑장 - WSJ",
  "body_text": "\n\n\n\n\n\n지난 2020년 3월 4일 오후 서울 송파구 잠실 주경기장에 설치된 '드라이브 스루(Drive Through) 신종 코로나바이러스 감염증(코로나19) 선별진료소'에서 방호복을 입은 행정요원들이 핫팩을 나누고 있다. /사진=뉴시스코로나19 팬데믹 대응이 중국 정부의 늑장 대응으로 인해 골든타임을 잃고 더 심각해진 것으로 드러났다.17일(현지시간) 월스트리트저널(WSJ)은 미국 하원위원회가 보건복지부로부터 입수한 문서를 통해 중국 정부가 2019년 12월 28일부터 1월 11일 사이 코로나19 발표를 해태한 것으로 나타났다고 단독 보도했다.문서에 따르면 중국 연구자들은 2019년 12월 28일 이미 코로나19 바이러스의 치명성을 인지하고 미국이 운영하는 데이터베이스에 그 구조도를 올렸으나, 그 후에도 중국 정부는 발병 원인을 알 수 없다고 주장하다가 1월 11일에야 세계보건기구(WHO)에 바이러스 서열을 공유했다.전문가들은 이 같은 2주 사이의 늑장 대응이 코로나19 확산을 증폭시켰다고 주장한다. 그 골든타임에 국제 의료계는 확산 경로를 파악하고 의료 방어책을 개발해 최종 백신을 개발할 여유를 가질 수 있었다는 지적이다. 문서와 최근 발견된 유전자 서열을 검토한 시애틀 프레드 허친슨 암센터의 바이러스학자 제시 블룸은 \"이런 지적은 중국 정부가 공개한 정보의 정확성에 대해 우리가 얼마나 조심해야 하는지를 알려준다\"며 \"우리가 아는 것은 매우 적다는 것을 명심해야 한다\"고 지적했다. 해당시기에 바이러스 서열을 제출한 중국 연구원인 베이징 소재 병원체 생물학 연구소 릴리 렌 박사는 관련 의견을 구하는 WSJ 이메일에 응답하지 않았다. 이 연구소는 국가 산하 중국 의학과학원의 일부다.중국 대사관 대변인은 \"중국은 과학을 기반으로 코로나19 대응을 더 표적화하기 위해 노력해왔다\"며 \"중국의 코로나19 대응 정책은 과학에 근거하고 효과적이며 중국의 국가 현실과 일치한다\"고 답변했다. 미국 보건복지부 법률 차관보인 멜라니에 에고린은 \"지난달 하원의회 보건복지위 위원장인 캐시 맥모리스 로져스 의원(공화당, 워싱턴)에게 중국 연구자 렌이 2019년 12월 28일에 바이러스 서열을 유전자 데이터베이스인 젠뱅크(GenBank)에 올렸던 것으로 파악됐다고 보고했다. 젠뱅크는 미국 국립보건원이 운영하고 있다. 렌이 2019년 12월에 제공한 서열은 당초 게시되지 않았으며 미국 국립보건원(NIH)은 그에게 더 많은 기술적 세부 사항을 요청했지만 응답하지 않았고, 2020년 1월 16일에는 오히려 자료가 데이터베이스에서 삭제됐다. 그러다가 1월 12일에 NIH는 다른 출처로부터 관련 서열을 받아 발표했다.렌은 코로나 바이러스가 동물에서 인간으로 어떻게 전염될 수 있는지 연구하기 위해 미국이 자금을 지원하는 프로젝트의 공동 작업자로 계약 문서에 기재됐다. 중국에서 박쥐 샘플을 수집하는 작업이 포함된 이 작업은 비영리 에코헬스 얼라이언스에서 감독했다. 중국 전문가들은 2020년 1월 3일 베이징에서 WHO 관계자들을 만났지만 새 질병이 코로나 바이러스 때문에 발생했다는 사실은 밝히지 않았다. 당시에도 중국 관리들은 이미 치명적인 발병 원인을 알고 있었지만 이를 외부에 알리지 않고 모르쇠로 일관한 것이다.\n\n",
  "thumbnail": "https://mimgnews.pstatic.net/image/origin/008/2024/01/18/4987498.jpg?type=nf106_72",
  "article_date": "2024-01-18 01:52:46",
  "site_info": "naver",
  "like_count": null,
  "viewed_count": null,
  "tags": []
}