{
  "uid": "naver_1436",
  "article_url": "https://n.news.naver.com/mnews/article/052/0001986232?sid=104",
  "title_text": "\"미야자키 하야오와 교류\"...신인 작가 자작극에 콜롬비아 '발칵'",
  "body_text": "\n\n\n\n\n\n헤랄디네 페르난데스 소셜미디어세계적 거장 미야자키 하야오 감독과 교류하며 작업한 경력이 큰 주목을 받았던 콜롬비아의 젊은 작가가 자작극을 벌인 사실이 밝혀져 논란이 되고 있다.16일(현지시간) 엘티엠포와 세마나 등 콜롬비아 주요 언론매체에 따르면 헤랄디네 페르난데스(30)라는 이름의 일러스트레이터는 최근 미야자키 하야오 감독의 '그대들은 어떻게 살 것인가' 제작에 참여한 유일한 콜롬비아인으로 알려져 현지에서 뜨거운 주목을 받았다.그는 다양한 매체와의 인터뷰에서 자신을 \"250명으로 구성된 미야자키 팀의 일원\"으로 소개하며 \"영화에서 2만 5,000 프레임가량 작업했다\"고 말했다.페르난데스는 원격으로 일본에 있는 팀과 소통했다고 설명한 뒤 \"일본 스튜디오에 직접 방문했을 때 거장(미야자키 하야오 감독)과 직접 만날 기회도 있었는데, 매우 독특한 경험이었다\"고 강조했다.콜롬비아 주요 언론 매체는 \"아시아가 주류인 애니메이션 업계에 콜롬비아 출신 신성이 등장했다\"며 앞다퉈 페르난데스 띄우기에 나섰다.그러나 일각에서는 \"해당 애니메이션 작품 참여자 명단에서 페르난데스의 이름을 찾을 수 없다\"는 주장이 제기됐다. 또 신인이나 다름없는 작가에게 2만 5,000프레임의 작업량을 할당하는 건 극히 이례적이라는 주장까지 제기되면서 진위 논란이 불거졌다.이에 대해 페르난데스는 처음에 \"나를 질투하는 다른 작가들로부터 비롯된 공격\"이라고 맞섰다. 그러나 제작사인 스튜디오 지브리와의 정식 계약서 사본 등을 증거로 요청한 언론에 제대로 답을 하지 못하다가 \"일부분만 작업했고, 전체적으론 이야기가 과장됐다\"고 시인했다.현지 매체 '캄비오'는 페르난데스가 '작업 인증서'라며 일본어로 된 관련 사진을 보내오긴 했는데, 실제로는 도자기 강좌 수료증이었다고 보도했다.이에 온라인에서는 \"작업에 조금이라도 참여한 게 맞는지 의문이다\" \"단 며칠 만에 콜롬비아의 자존심에서 수치로 급전직하\" 등 페르난데스에 대한 비난과 조롱이 이어졌다.콜롬비아 주요 언론들은 페르난데스에 대한 기사가 '가짜뉴스'였음을 인정하고 사과문을 게시했다. 최대 유력 일간지 엘티엠포는 이날 \"그가 근무하는 콜롬비아 업체 대표는 모든 게 상상의 산물이라고 확신했다\"며 \"내부 검증 프로세스 실패에 대해 독자께 깊이 사과드리고 재발 방지를 약속한다\"고 사과했다.\n\t\t\n",
  "thumbnail": "https://mimgnews.pstatic.net/image/origin/052/2024/01/17/1986232.jpg?type=nf106_72",
  "article_date": "2024-01-17 09:10:04",
  "site_info": "naver",
  "like_count": null,
  "viewed_count": null,
  "tags": []
}