{
  "uid": "naver_1022",
  "article_url": "https://n.news.naver.com/mnews/article/055/0001123706?sid=104",
  "title_text": "호주도 '교육비 시름'…시드니서 사립 다니면 13년간 3억 3천만 원",
  "body_text": "\n\n\n\n\n\n▲ 호주 시드니호주 시드니에서 유치원부터 고등학교까지 이어지는 의무교육을 사립학교에서 받을 경우 13년간 3억 원이 넘는 돈이 들어가는 것으로 나타났다고 호주 AAP 통신 등이 보도했습니다.호주 교육 금융기업 퓨처리티 인베스트먼트 그룹이 지난 17일(현지시간) 발표한 보고서에 따르면 시드니와 멜버른 등 호주 주요 도시에서 자녀를 유치원부터 12학년까지 13년간 공립학교를 보낼 경우 부담해야 하는 교육비는 평균 9만 2천700호주달러(약 8천200만 원)였습니다.이 중 학비는 전체 비용의 4%에 불과했으며 나머지는 학용품과 교복, 전자기기, 과외활동비 등에 필요한 돈이었습니다.또 13년간 대도시 지역 가톨릭 학교에 다닐 경우 평균 19만 5천 호주달러(약 1억 7천200만 원)를 부담해야 하며, 사립학교에 다닐 경우 31만 7천 호주달러(약 2억 8천만 원)가 들어가는 것으로 나타났습니다.사립학교에 다닐 경우 공립학교보다 3.4배 더 많은 돈이 필요한 것입니다.특히 호주에서 교육비가 가장 많이 드는 시드니에서 13년 동안 사립학교에 보낼 경우 37만 8천 호주달러(약 3억 3천200만 원)를 부담해야 하는 것으로 나타났습니다.전체 교육비에서 학비가 차지하는 비중은 가톨릭 학교가 23%, 사립학교는 55%에 달했습니다.퓨처리티의 샘 손디 최고경영자(CEO)는 최근 호주에서 높은 물가상승률이 이어지면서 교육비 부담도 많이 늘어나게 됐다며 올해 교육비 부담이 지난해보다 5% 이상 증가할 것으로 예상된다고 설명했습니다.그는 지난 10년 동안 학교에서 사용하는 전자기기에 대한 부담이 눈에 띄게 증가했다며 \"아이들이 첨단 기술을 활용하는 방식으로 교육받으면서 학부모 부담이 커지고 있다\"고 말했습니다.이런 가운데 아동 권리 단체인 스미스 패밀리는 설문조사 결과 응답자의 절반이 생활비 압박으로 인해 새 교복과 전자기기 등 교육 필수품을 사기 어려운 상황이라고 답했다고 발표했습니다.또 응답자의 21%는 교육비 때문에 원치 않는 일을 더 많이 한다고 응답했습니다.이에 대해 뉴잉글랜드 대학의 샐리 라센 선임 강사는 학교에서 노트북이나 태블릿PC와 같은 고가의 디지털 기기가 필수품이 되고 있다고 말했습니다.\n\t\t\n",
  "thumbnail": "https://mimgnews.pstatic.net/image/origin/055/2024/01/18/1123706.jpg?type=nf106_72",
  "article_date": "2024-01-18 11:07:57",
  "site_info": "naver",
  "like_count": null,
  "viewed_count": null,
  "tags": []
}