{
  "uid": "naver_1066",
  "article_url": "https://n.news.naver.com/mnews/article/081/0003424547?sid=104",
  "title_text": "“비빔밥 원조는 중국”…비빔밥이 갖고 싶은 중국, 또 일냈다 [포착]",
  "body_text": "\n\n\t\t\t[서울신문 나우뉴스]\n\n\n\n비빔밥의 기원을 ‘중국’이라고 표기한 중국 최대 포털사이트 바이두 검색 결과 캡처중국이 한복과 김치 등에 이어 한국을 대표하는 ‘K-푸드’인 비빔밥의 원조도 중국이라고 주장하고 있다.서경덕 성신여대 교수에 따르면, 중국 최대 포털사이트인 바이두에서 한국 비빔밥의 발원지를 중국으로 소개하고 있는 것으로 확인됐다.실제로 비빔밥을 뜻하는 중국어 ‘拌饭’(BanFan)을 검색창에 넣고 나온 백과사전 결과에는 비빔밥 레시피 등과 함께 ‘발원지역’(发源地区)에 ‘중국’이라고 쓰여진 결과를 확인할 수 있다.서경덕 교수는 18일 자신의 SNS에 “몇 년 전부터 김치의 기원이 중국이라며 억지 주장을 펼치더니, 이제는 비빔밥 발원지를 중국으로 소개한다”면서 “중국의 ‘문화공정’ 중심에는 바이두가 있다”고 지적했다.이어 “한국의 전통 음식을 왜곡한다고 해서 비빔밥이 중국으로 변하는 게 아니다”라며 “지금까지 바이두에 꾸준한 항의를 통해 잘못된 정보를 바꿔왔듯이 비빔밥 발원지를 한국으로 바꿀 수 있도록 최선을 다할 것”이라고 덧붙였다.앞서 농림축산식품부와 한식진흥원이 지난 4일 발표한 ‘해외 한식 소비자 조사 결과’에 따르면 외국인 9000명을 대상으로 조사한 결과 ‘한식 하면 연상되는 메뉴’로 김치(40.2%)에 이어 비빔밥(23.6%)이 두 번째로 꼽혔다.끊이지 않는 중국의 ‘문화공정’ 논란중국 포털사이트 바이두는 서 교수의 지적대로 김치와 한복 등 한국의 전통 문화뿐만 아니라 윤동주와 안중근 등 역사적 인물에 대한 왜곡된 정보를 제공해 논란이 되어 왔다.\n\n\n\n지난해 11월 윤동주 시인에 대한 바이두 백과사전 설명에 여전히 그를 중국 국적의 ‘중국 조선족 애국 시인’이라고 표기한 부분이 확인됐다.지난해 9월에는 안중근 의사의 ‘민족 집단’을 조선족으로 표기했고, 그보다 앞서 지난 몇 년 간 윤봉길 의사의 민족 집단 역시 조선족으로 표기한 사실이 알려진 바 있다.중국 관영 영자지인 글로벌타임스는 지난 8월에도 윤동주 시인의 생가가 보수 공사를 이유로 임시 폐관했다는 사실을 밝히며, 그에 대해 “일제 강점기 일본 제국주의에 맞서 독립 투장에 참여한 ‘조선족 중국인 애국 시인’”이라고 보도했다.\n\t\t\n",
  "thumbnail": "https://mimgnews.pstatic.net/image/origin/081/2024/01/18/3424547.jpg?type=nf106_72",
  "article_date": "2024-01-18 09:42:01",
  "site_info": "naver",
  "like_count": null,
  "viewed_count": null,
  "tags": []
}