{
  "uid": "naver_1373",
  "article_url": "https://n.news.naver.com/mnews/article/001/0014449566?sid=104",
  "title_text": "미국·이란 제3국 공격 지속…간접대결 격화에 확전우려 자극",
  "body_text": "\n\n이란, 이라크·시리아 이어 파키스탄에도 폭격직접충돌 피하며 국내압력 삭일 '도박수' 관측 미국, 계속 후티 공격…세몰이 속 EU도 작전 가담하기로 \n\n\n\n이란 공격당한 이라크 에르빌[EPA=연합뉴스 자료사진]    (서울=연합뉴스) 이도연 기자 = 이스라엘과 팔레스타인 무장정파 하마스의 전쟁 속에 미국과 이란이 실력행사를 통한 간접대결 형국으로 접어들었다.     미국이 무역로 보호를 위해 예멘 내 친이란 무장세력의 근거지를 연일 타격하는 사이 이란은 대테러전을 명분으로 이라크, 시리아에 이어 파키스탄까지 공습했다.     이란의 정예 군사조직인 혁명수비대는 15일(현지시간) 밤 이라크 북부 쿠르드 자치 지역 에르빌주 주도 에르빌을 미사일로 공격했다.     이란은 분리주의자들을 겨냥했다며 이스라엘 정보기관인 모사드의 첩보시설도 표적이었다고 밝혔다.     공습을 받은 지역은 미국 영사관과 가까운 곳이라서 긴장이 고조됐다.     이란은 전날 이라크뿐만 아니라 시리아 이들리브주에도 극단주의 무장세력 이슬람국가(IS)를 겨냥한 미사일 공격을 가했다고 밝혔다.    외신들은 이란의 행태가 이례적이라고 분석했다.     이란은 16일에는 다른 접경국 파키스탄에도 미사일과 드론을 이용한 공격을 퍼부었다고 밝혔다.     이란의 인접국 연쇄 공습은 일단 자국에서 발생한 폭탄테러에 대한 보복으로 관측된다.     이달 초 이란에서는 미국에 암살된 국민영웅 가셈 솔레이마니 혁명수비대 쿠드스군 사령관의 4주기 추모식에서 폭탄이 터져 100명 가까이 숨졌다.    IS는 배후를 자처했다. 이란 당국은 IS의 소행임을 부인하지 않으면서도 사건에 미국, 이스라엘이 연루돼있다는 식의 선동을 지속해왔다.     이란의 실력행사는 미국과 이스라엘이 후티를 비롯한 연대세력을 공격하고 주요 인사를 암살하는 데 대한 반격의 성격도 있다.     특히 홍해에서 민간 선박을 공격하며 미국에 맞서는 후티는 이란의 지원을 받는 '저항의 축'의 일원이다.\n\n\n\n이란의 에르빌 공습으로 사망한 피해자 장례식[EPA=연합뉴스 자료사진]     이란 정권은 가자지구 전쟁 이후 자국 지휘관 암살, 테러, 대리세력 피격 때문에 국내 강경파의 여론을 의식할 수밖에 없는 처지인 것으로 전해진다.     WSJ에 따르면 이란 당국자들은 이란의 잇따른 인접국 공습이 이스라엘이나 미국과 직접적으로 싸우지 않고서 국내의 압력에 대응하는 방법이라고 전했다.     아미르 알리 하지자데 이란 혁명수비대 사령관은 반관영 통신사 타스님에 \"이들리브 테러리스트와 에르빌 모사드 본부에 대한 공격은 케르만에서 발생한 테러와 시리아에서 있었던 혁명수비대 장교의 순교에 대한 대응\"이라고 밝혔다.    그 사이 미국은 홍해 무역로를 보호한다는 기치를 내걸고 예멘 반군 후티의 근거지를 계속 폭격하고 있다.     후티는 이에 굴하지 않고 계속 저항하겠다는 뜻을 밝혀 무력충돌이 한동안 지속될 가능성이 점쳐진다.     게다가 미국의 세몰이도 한창이다. 다국적군이 홍해 작전에 참여한 가운데 유럽연합(EU)도 군사작전에 곧 가담하기로 했다.    이란과 미국이 직접 동시에 실력을 행사하는 이 같은 간접대결 국면은 그렇지 않아도 높은 긴장의 수위를 한층 더 높이고 있다.     이스라엘과 하마스의 전쟁 이후 무력충돌은 레바논, 예멘, 시리아, 이라크, 파키스탄 등 5개국으로 번진 상황이다.     그간 대리세력을 통해서만 개입해오던 이란이 직접 공격이 지속된다면 미국과의 우발적 충돌 위험도 커질 것으로 우려된다.     미국과 이란은 분쟁의 확산 가능성에 엇갈린 신호를 보내며 불안을 더하고 있다.     이란 당국자들은 더 큰 분쟁을 기피한다면서도 이스라엘과 그 동맹국들의 압력에 대응하는 대리세력의 군사적 중요성을 공개적으로 강조한다.    미국도 확전 방지를 우선 순위에 놓으면서도 이스라엘에 대한 지원, 대리세력 타격을 되풀이하고 있다.     오판에 따른 직접 충돌 위험이 감지되는 대목이다.     게다가 후티, 헤즈볼라를 비롯한 이란 대리세력들도 이란의 지원을 받지만 온전한 통제를 받지 않는 까닭에 일찌감치 확전을 둘러싼 불확실성으로 거론돼왔다.     dylee@yna.co.kr\n\n",
  "thumbnail": "https://mimgnews.pstatic.net/image/origin/001/2024/01/17/14449566.jpg?type=nf106_72",
  "article_date": "2024-01-17 11:19:18",
  "site_info": "naver",
  "like_count": null,
  "viewed_count": null,
  "tags": []
}