{
  "uid": "naver_1130",
  "article_url": "https://n.news.naver.com/mnews/article/003/0012325327?sid=104",
  "title_text": "이스라엘군 사령관 \"헤즈볼라와의 전쟁 임박\"언급, 예비군 훈련도",
  "body_text": "\n\n북부 전선 훈련중 \"전쟁 가능성 어느때보다 높아져\"  \"가자지구 전투에서 배운 교훈, 총력전에 사용할 것\"\n\n\n\n[키리야트 시모나=AP/뉴시스] 이스라엘 북부에서 1월11일 이스라엘군이 레바논을 향해 자주포를 발사하고 있다. 이스라엘군 사령관은 하마스뿐 아니라 레바논의 친이란 무장 정파 헤즈볼라에 대해서도 무력 대응 하겠다며 본격적인 전면전을 예고했다.  2024.01.18.[서울=뉴시스] 차미례 기자 = 이스라엘군의 헤르지 할레비 사령관은 17일(현지시간) 레바논의 무정파 헤즈볼라군과의 \"전면전\"의 가능성이 예전의 어느 때보다도 더욱 커졌다고 말했다. 이스라엘 언론들을 인용한 신화통신에 따르면 할레비 사령관은 북부 전선의 예비군 훈련장을 시찰하는 가운데  \"그 전쟁이 언제 시작될지는 모르지만 앞으로 몇 달 안에 시작될 가능성이 이전의 어느 때 보다도 커졌다\"고 말했다. 그러면서 \"일단 전쟁이 시작되고 우리에게 필요하다면, 우리는 모든 전력을 다해 전면전을 펼칠 것\"이라고 밝혔다. 할레비 사령관은 이번 훈련이 북부 지역 군사들의 전투력을 증강하기 위한 준비라고 밝히고 \"가자지구 전투로부터 배운 수많은 교훈에 따라서\" 미리 훈련을 시작했다고 말했다. 이스라엘군과 레바논의 헤즈볼라는 지난 해 10월 8일,  이스라엘과 하마스의 전쟁이 시작된 다음 날 부터 포격을 주고 받으며 사실상 전투를 계속해왔다.  \n\n\n\n[AP/뉴시스]레바논 국경서 살해된 헤즈볼라 사령관 위삼 알-타윌(오른쪽)이 헤즈볼라 최고 사령관 무스타파 바드레딘( 2016년 5월 시리아에서 전사)을 안내하고 있는 모습.(헤즈볼라 공보관 제공) . 2024. 01.18.   이스라엘쪽 통계에 따르면 그 동안 레바논의 포격으로 이스라엘군 9명과 민간인 6명이 죽었다. 헤즈볼라도 같은 기간 동안 이스라엘의 공격으로 162명의 전투원이 살해 당했다고 주장하고 있다．\n\n",
  "thumbnail": "https://mimgnews.pstatic.net/image/origin/003/2024/01/18/12325327.jpg?type=nf106_72",
  "article_date": "2024-01-18 06:35:02",
  "site_info": "naver",
  "like_count": null,
  "viewed_count": null,
  "tags": []
}