{
  "uid": "naver_1140",
  "article_url": "https://n.news.naver.com/mnews/article/005/0001667792?sid=104",
  "title_text": "‘-30도 혹한’ 테슬라 얼었다…“절망의 현장” 된 시카고",
  "body_text": "\n\n\n\n\n\n미국에서 방전된 전기차를 이동시키는 모습. 폭스뉴스 엑스 캡처최악의 북극 한파가 덮친 미국 시카고 등 중북부 지역에서 전기차 테슬라가 방전·견인되는 사태가 속출하고 있다.17일(현지시간) 미 일간 뉴욕타임스(NYT)는 “시카고의 전기차 충전소들은 배터리 방전과 서로 대치하는 운전자들, 거리 밖으로 이어진 긴 줄로 인해 절망의 현장으로 변했다”고 보도했다. 전날 시카고 일대의 체감기온은 영하 34도까지 내려갔다.시카고에 거주하는 35세 엔지니어 닉 세티는 전날 아침 자신의 테슬라 차량이 얼어붙어 차 문조차 열리지 않았다고 말했다. 그는 차체에 내장된 트렁크 손잡이를 어렵게 눌러 트렁크를 열고 차에 탄 뒤 테슬라 슈퍼차저 충전소까지 5마일(8㎞)을 이동했지만, 이미 12개의 충전기가 모두 사용 중인 상태여서 몇 시간을 기다렸다. 그는 “올겨울을 견뎌보고 테슬라를 계속 소유할지 여부를 결정할 것”이라고 했다.또 다른 테슬라 운전자 조셜린 리베라도 테슬라 충전소 여러 곳의 대기 줄이 모두 길게 이어진 것을 목격한 뒤 테슬라 구매를 후회했다고 토로했다. 그는 “대기 줄에서 기다리는 동안 차의 주행거리가 50마일(80㎞)밖에 안 남았다면 결국 충전을 못 하게 될 것”이라며 대기 줄에서 기다리다가 방전된 차량을 여럿 봤다고 전했다.\n\n\n\n테슬라 충전. AP연합뉴스한 테슬라 소유자는 시카고의 지역 방송 WLS에 “최소 10대의 테슬라 차량이 배터리가 방전돼 견인되는 것을 목격했다”고 말했다.영하의 극도로 낮은 온도에서는 배터리 양극과 음극의 화학 반응이 느려져 충전을 어렵게 만든다고 전문가들은 설명한다. 어바인 캘리포니아대학(UC어바인)의 기계공학 교수 잭 브로워는 “배터리로 구동되는 전기차를 매우 추운 환경에서 작동시키기는 결국 매우 어려운 일”이라며 “추우면 배터리를 빨리 충전할 수 없는데 물리적으로 해결할 수 있는 방법이 없다”고 말했다.테슬라는 관련 입장 요청에 응답하지 않았다.\n\t\t\n",
  "thumbnail": "https://mimgnews.pstatic.net/image/origin/005/2024/01/18/1667792.jpg?type=nf106_72",
  "article_date": "2024-01-18 06:11:01",
  "site_info": "naver",
  "like_count": null,
  "viewed_count": null,
  "tags": []
}