{
  "uid": "naver_1320",
  "article_url": "https://n.news.naver.com/mnews/article/056/0011644024?sid=104",
  "title_text": "“트럼프 재집권시 ‘북핵 용인’가능성”…미국 전문가들 잇따라 제기",
  "body_text": "\n\n\n\n\n\n도널드 트럼프 전 미국 대통령이 올해 대선에서 승리할 경우 북한의 핵무기를 용인할 가능성이 있다는 미국내 전문가들의 전망이 잇따라 제기됐습니다.  빅터 차 전략국제문제연구소(CSIS) 한국석좌는 현지시각 16일 CSIS가 개최한 ‘2024 인도태평양 전망’ 세미나에서, 미국 매체 폴리티코가 지난달 보도한 트럼프 전 대통령의 ‘북핵 용인’ 검토 기사를 언급하면서 “트럼프에게 가장 비용이 적게 든다는 점에서 그렇게 불가능한 일은 아니라고 생각한다”고 말했습니다. 폴리티코는 트럼프 전 대통령이 재집권하면, 북한의 새로운 핵무기 개발 중단을 대가로 경제제재 완화 등을 제공하는 거래를 구상하고 있다고 보도한 바 있습니다. 당시 트럼프 전 대통령은 관련 보도를 부인했지만, 안보문제를 비용 측면에서 접근하는 트럼프의 기질 등을 감안할 때, 트럼프가 당선되면 돌출행동을 할 가능성이 있다고, 전문가들은 보고 있습니다.   앞서 브루킹스연구소 동아시아정책연구센터의 앤드루 여 한국석좌도 지난달 27일 연합뉴스와의 신년 인터뷰에서 관련 질문을 받고, 트럼프 전 대통령이 승리할 경우 “북한의 핵무기 보유를 인정한다고 공개적으로 밝히지는 않지만, 이를 암묵적으로 허용하면서 북한과 어떤 대화 프로세스가 뒤따를 수는 있다”고 밝히기도 했습니다. 미국 내 저명한 학자들 사이에서 트럼프의 대선 승리에 따른 북핵 정책의 변화 가능성이 지속적으로 제기되는 건 북한 비핵화를 정책 목표로 설정하고 강력한 대북 압박 정책을 고수하고 잇는 한국 정부에게 큰 과제를 던지고 있습니다.  ■ 핵무기 용인 받는 이스라엘, 인도, 파키스탄  국제사회에서 ‘사실상 핵보유국’인 이스라엘과 인도, 파키스탄의 경우 각기 다른 이유로 미국의 ‘전략적 선택’에 의해 핵무기 보유를 용인받고 있습니다. 미국은 중동 지역에서의 생존을 위한 카드로 핵무기를 보유한 이스라엘, 그리고 남아시아 지역에서 중국에 대항하는 인도, 또 인도와 적대적 관계를 유지하면서도 테러와의 전쟁에서 미국에 적극 협력한 파키스탄의 핵무기 보유를 사실상 허용했고, 국제사회는 미국의 정책적 선택을 받아들이고 있는 상황입니다. 만일 미국이 북한의 핵무기 보유를 용인하면, 이는 네번째 ‘사실상 핵보유국’을 의미하게 됩니다. 현재 조 바이든 미 행정부는 북한의 핵무기 보유를 용인하지 않겠다는 확고한 입장을 견지하고 있으며, 한국과 일본 등 북한 핵위협에 노출된 동맹국을 향해 강력한 확장억제 제공을 약속하고 있습니다.  북한의 핵무장 용인은 한국은 물론이고 일본과 대만을 자극해 동아시아 핵개발 도미노를 일으킬 중대 안보사안으로 인식되고 있습니다.[사진 출처 : 연합뉴스]■ 제보하기▷ 전화 : 02-781-1234, 4444▷ 이메일 : kbs1234@kbs.co.kr▷ 카카오톡 : 'KBS제보' 검색, 채널 추가▷ 네이버, 유튜브에서 KBS뉴스를 구독해주세요!\n\n",
  "thumbnail": "https://mimgnews.pstatic.net/image/origin/056/2024/01/17/11644024.jpg?type=nf106_72",
  "article_date": "2024-01-17 14:48:34",
  "site_info": "naver",
  "like_count": null,
  "viewed_count": null,
  "tags": []
}