{
  "uid": "naver_1366",
  "article_url": "https://n.news.naver.com/mnews/article/022/0003895622?sid=104",
  "title_text": "프랑스 \"러시아가 이기면 안 돼\"…우크라에 미사일 지원",
  "body_text": "\n\n장거리 미사일·곡사포·폭탄 등 제공최근 무기 부족으로 러시아와 전쟁에서 수세에 몰리고 있는 우크라이나에 프랑스가 무기를 추가 지원하기로 했다. 미국과 유럽연합(EU)의 지원이 주춤한 가운데 나선 것이다.     에마뉘엘 마크롱 프랑스 대통령은 16일(현지시간) 밤 열린 신년 기자회견에서 “우리는 훨씬 더 많은 장비를 보내 우크라이나의 영공 방어를 도울 것”이라며 이같이밝혔다.  \n\n\n\n   에마뉘엘 마크롱 프랑스 대통령이 16일(현지시각) 파리에서 신년 기자회견을 하고 있다. AP뉴시스    프랑스는 이를 위해 우크라이나에 장거리 미사일 스칼프(SCALP) 약 40기와 세자르 곡사포, 폭탄 수백 개를 제공할 계획이다.     프랑스는 앞서 사거리 약 250㎞의 스칼프 미사일 50기를 우크라이나에 지원했다. 마크롱 대통령은 이어 “2월에 직접 우크라이나를 찾아 이 문구들을 마무리하겠다”며 무기 지원을 포함한 우크라이나와의 양자 안보 협약을 완결 짓겠다고 말했다.     이는 앞서 영국과 우크라이나가 맺은 안보 협력 협정과 비슷한 합의가 될 것으로 보인다.     리시 수낵 영국 총리는 지난 12일 우크라이나를 직접 찾아 볼로디미르 젤렌스키 대통령과 만났으며 장기 안보 협력을 위한 협정에 서명했다.     영국 총리실은 이에 대해 “우크라이나 안보를 위해 영국이 제공할 정보 공유, 사이버 안보, 의료 및 군사 훈련, 국방 산업 협력 등의 지원 범위를 공식화하는 내용”이라고 설명했다.     또한 영국은 우크라이나에 최대 25억 파운드(약 4조2000억원) 규모의 군사 지원을 제공하기로 약속했다.  \n\n\n\n   16일(현지시간) 우크라이나 하르키우의 주거용 건물이 러시아군이 쏜 미사일에 맞아 크게 파괴됐다. 로이터연합뉴스    앞서 주요 7개국(G7) 정상들은 지난해 7월 종전 뒤에도 우크라이나의 안전을 보장하기 위한 장기적인 군사 및 경제지원을 약속한 바 있다.     마크롱 대통령은 “우리는 러시아가 이기도록 내버려 둘 수 없다”며 “러시아가 이기도록 둔다면 국제법이 존중되지 않는 것을 용인한다는 뜻이 될 것”이라고 강조했다.     영국과 프랑스의 잇단 우크라이나 안보 지원 결정은 미국과 EU에서 우크라이나에 대한 지원이 정체된 와중에 나왔다.     미국에서는 조 바이든 행정부가 지난해 614억달러(약 82조원) 규모의 우크라이나 추가 군사 지원이 포함된 예산안 처리를 의회에 요청했지만, 공화당이 미국 국경문제 해결을 우선순위로 세우면서 협상이 해를 넘겼다.     존 커비 백악관 국가안전보장회의(NSC) 전략소통조정관은 지난 10일 기자들에게 “우리가 (우크라이나에) 제공한 지원이 이제 중단됐다”고 말했다.     EU는 지난달 브뤼셀에서 열린 정상회의에서 총 500억 유로(약 73조원) 상당의 우크라이나 장기 지원안에 합의할 계획이었으나, 친러시아 성향의 헝가리가 제동을 걸고 있는 상태다.\n\n",
  "thumbnail": "https://mimgnews.pstatic.net/image/origin/022/2024/01/17/3895622.jpg?type=nf106_72",
  "article_date": "2024-01-17 11:37:01",
  "site_info": "naver",
  "like_count": null,
  "viewed_count": null,
  "tags": []
}