{
  "uid": "naver_1148",
  "article_url": "https://n.news.naver.com/mnews/article/014/0005129737?sid=104",
  "title_text": "비행기표 비싸던데... 지난해 일본 찾은 한국인 700만명",
  "body_text": "\n\n\n\n\n\n크리스마스 연휴가 시작된 지난해 12월 22일 오전 인천국제공항 1터미널 출국장에서 일본으로 향하는 여행객들이 탑승 수속을 하고 있다. 엔화 약세 등으로 지난해 일본을 방문한 외국인 수가 코로나19 유행 이후 4년 만에 처음으로 2000만명을 넘은 것으로 나타난 가운데, 국가별로는 한국인이 가장 많았다. 연합뉴스【파이낸셜뉴스 도쿄=박소연 기자】 지난해 일본을 가장 많이 찾은 외국인은 한국인으로 집계됐다.   18일 요미우리신문은 일본정부관광국 통계를 인용, 지난해 총 695만8500명의 한국인이 일본을 방문한 것으로 나타났다고 보도했다. 일본을 방문한 외국인 중 가장 많은 숫자다. 코로나19 확산 이전인 2019년보다 24.6% 증가했다. 대만인이 420만 2400명(14.1% 감소)으로 그 뒤를 이었다.   코로나19 확산 전 30%를 차지했던 중국인은 242만5000명(74.7% 감소)을 기록했다. 지난해 8월께 해외여행 제한이 해제되면서다.   전체 방일객 수는 2506만 6100명으로 2019년의 78.6% 수준이다. 교도통신은 “일본 정부는 방일객과 여행소비액 확대를 목표로 하고 있지만 중국인 관광객이 본격적으로 돌아올지가 관건”이라고 했다.   방문객 수는 코로나19 이전에 못 미쳤지만 여행 소비액은 크게 증가했다. 지난해 일본을 방문한 외국인의 여행소비액은 5조2923억엔(48조1070억원)으로 집계됐다.   특히 방일객의 1인당 여행소비액 평균은 21만2000엔(193만원)으로 2019년보다 5만3000엔 늘었다. 아사히신문은 “엔화 가치 하락으로 일본 내 서비스와 상품 가격이 저렴해지면서 일본 체류 일수가 늘어나 숙박과 레저에 더 많은 돈을 쓰게 된 것”이라고 분석했다.\n\t\t\n",
  "thumbnail": "https://mimgnews.pstatic.net/image/origin/014/2024/01/18/5129737.jpg?type=nf106_72",
  "article_date": "2024-01-18 05:44:03",
  "site_info": "naver",
  "like_count": null,
  "viewed_count": null,
  "tags": []
}