{
  "uid": "naver_1187",
  "article_url": "https://n.news.naver.com/mnews/article/018/0005656934?sid=104",
  "title_text": "미국 법원, 권도형 재판 3월로 연기…“출석 가능성 고려”",
  "body_text": "\n\n“출석 못해도 기일 연기 더는 안 해”권도형, 도피 중 몬테네그로서 검거여권 위조 혐의로 징역 4개월 선고몬테네그로서 범죄인 인도 재심리[이데일리 이재은 기자] 미국 법원이 가상화폐 ‘테라·루나’ 폭락 사태의 핵심 인물인 권도형 테라폼랩스 대표의 사기 혐의 재판 기일을 2개월 연기했다. \n\n\n\n‘테라·루나’ 폭락 사태의 핵심 인물 권도형 테라폼랩스 대표가 지난해 5월 11일(현지시간) 몬테네그로 수도 포드고리차 지방법원으로 향하고 있다. (사진=연합뉴스)16일(현지시간) 로이터통신에 따르면 미국 뉴욕 맨해튼 연방법원의 제드 레이코프 판사는 이달 29일 예정됐던 권씨의 재판 기일을 오는 3월 25일로 연기한다는 명령을 내렸다. 권 대표가 미국에서 열리는 재판에 출석할 수 있도록 몬테네그로에서 인도될 때까지 시간을 달라는 변호인 측 요구를 법원이 받아들인 결과다. 레이코프 판사는 기일 변경 명령에서 “권씨가 현재 구금된 몬테네그로에서 미국으로의 (범죄인) 인도에 동의했다고 하지만 그가 제때 석방될 것이라는 절대적인 보장은 없다”고 했다. 다만 “변호인 측에서 추가 연기는 없다고 인정한 점을 고려해 요청을 받아들인다”며 권씨가 재판에 출석하지 못하더라도 기일을 더는 미루지 않을 것이라고 덧붙였다. 권씨를 상대로 민사소송을 제기한 미국 증권거래위원회(SEC)도 기일 변경에 동의한 것으로 전해졌다. SEC는 가상화폐 사기로 투자자들에게 최소 400억달러(약 54조원)의 손해를 끼쳤다며 권 대표와 테라폼랩스를 지난해 2월 연방법원에 제소했다. 권씨 측 변호인은 지난 11일 맨해튼 연방법원에 재판 기일을 오는 3월 18일 이후로 연기해 달라고 요청한 바 있다. 몬테네그로에서 권씨의 범죄인 인도 절차가 막바지 단계이고 이르면 오는 3월 중순 권씨가 미국으로 인도돼 재판에 출석할 가능성이 있다는 게 변호인 측의 설명이었다. 앞서 권씨는 테라·루나 폭락 사태 전인 2022년 4월 한국에서 싱가포르로 입국한 뒤 잠적했으며 도피 11개월 만에 몬테네그로에서 검거됐다. 싱가포르와 두바이, 세르비아를 거쳐 몬테네그로에서 위조 여권으로 출국하려던 중 붙잡힌 것이었다. 권씨는 위조 여권을 사용한 혐의로 재판에 넘겨졌고 몬테네그로 법원은 2심에 이르기까지 징역 4개월을 선고했다. 그는 검거 당시부터 현재까지 몬테네그로에 구금된 상태다. 한국과 미국 사법당국은 몬테네그로 측에 권씨의 범죄인 인도를 요청한 상태다. 몬테네그로 포드고리차 고등법원은 지난해 11월 권씨에 대한 범죄인 인도를 승인했지만 권씨가 항소함에 따라 항소법원이 이를 재심리하고 있다.\n\n",
  "thumbnail": "https://mimgnews.pstatic.net/image/origin/018/2024/01/17/5656934.jpg?type=nf106_72",
  "article_date": "2024-01-17 23:15:01",
  "site_info": "naver",
  "like_count": null,
  "viewed_count": null,
  "tags": []
}